symbol,name,currency,summary,category_group,category,family,exchange,mic
ACKEHY.CO,Kapitalforeningen Accunia Invest European High Yield Fund,DKK,"Kapitalforeningen Accunia Invest European High Yield Fund is a Danish investment fund focused on investing in European high-yield corporate bonds, managed by Accunia Capital, with headquarters in Copenhagen, Denmark",,,,CPH,XCSE
BAIDKAA.CO,BankInvest - Danske Aktier KL,DKK,"BankInvest - Danske Aktier KL is headquartered in Copenhagen, Capital Region of Denmark, Denmark.",Equities,Equities,BankInvest,CPH,XCSE
BAIDKAAKA.CO,Bankinvest - Danske Aktier Akk. KL,DKK,"Bankinvest - Danske Aktier Akk. KL is headquartered in Copenhagen, Capital Region of Denmark, Denmark.",Equities,Equities,BankInvest,CPH,XCSE
BAIHUAA.CO,BankInvest - Hojt Udbytte Aktier KL,DKK,"BankInvest - Højt Udbytte Aktier KL is headquartered in Copenhagen, Capital Region of Denmark, Denmark.",Equities,Equities,BankInvest,CPH,XCSE
BAIKDKOAKA.CO,BankInvest - Korte Danske Obligationer Akk. KL,DKK,"BankInvest - Korte Danske Obligationer Akk. KL is a fixed income mutual fund launched and managed by BI Asset Management Fondsmæglerselskab AS. It invests in the fixed income markets of Denmark. The fund invests in short-term government bonds, government-guaranteed bonds, and mortgage bonds. It employs active management style to manage its portfolio. The fund benchmarks the performance of its portfolio against the Nordea Danish Government Bond CM2 Index. BankInvest - Korte Danske Obligationer Akk. KL was formed on April 7, 2008 and is domiciled in Denmark.",Fixed Income,Bonds,BankInvest,CPH,XCSE
BAIMDOA.CO,BankInvest Mellemlange Danske Obligationaer,DKK,The fund was formerly known as BankInvest Globale Indeksobligationer,Fixed Income,Bonds,BankInvest,CPH,XCSE
BAIUSCA.CO,Bankinvest - USA Small Cap KL,DKK,"Bankinvest - USA Small Cap KL is headquartered in Tonbridge, Kent, United Kingdom.",Equities,Equities,BankInvest,CPH,XCSE
BAIVGAA.CO,BankInvest - Value Globale Aktier KL,DKK,"BankInvest - Value Globale Aktier KL is headquartered in Copenhagen, Capital Region of Denmark, Denmark.",Equities,Equities,BankInvest,CPH,XCSE
BLKBSCKL.CO,Kapitalforeningen Blue Strait Capital - Blue Strait Capital KL,DKK,"Kapitalforeningen Blue Strait Capital - Blue Strait Capital KL is headquartered in Frederikssund, Capital Region of Denmark, Denmark.",,,Blue Strait Capital,CPH,XCSE
CWIASKL.CO,C WorldWide Asien KL,DKK,"C WorldWide Asien KL is an open ended equity mutual fund launched by Carnegie Kapitalforvaltning AS. The fundis managed by C WorldWide Asset Management Fondsmaeglerselskab A/S. The fund invests in public equity markets of Asia excluding Japan. It invests in stocks of companies operating across diversified sectors. The fund seeks to track the performance of its portfolio against the MSCI Asia excluding Japan index. C WorldWide Asien KL was formed on July 12, 2006 and is domiciled in Denmark.",,,C WorldWide,CPH,XCSE
CWIEMMKL.CO,C WorldWide Emerging Markets KL,DKK,"C WorldWide Emerging Markets KL is an open ended equity fund of funds launched by Carnegie Kapitalforvaltning AS. It is managed by C WorldWide Asset Management Fondsmaeglerselskab A/S. The fund invests in funds which invest in public equity markets of emerging markets of Eastern Europe. It invests in funds which invest in stocks of companies operating across diversified sectors. The fund invests in funds stocks of companies. It benchmarks the performance of its portfolio against the MSCI Eastern Europe Index. C WorldWide Emerging Markets KL was formed on November 7, 1996 and is domiciled in Denmark.",Equities,Equities,C WorldWide,CPH,XCSE
CWIGAAKKKL.CO,C WorldWide Globale Aktier - Akkumulerende KL,DKK,C WorldWide Globale Aktier - Akkumulerende KL is headquartered in United States.,Equities,Equities,C WorldWide,CPH,XCSE
CWIGAEKL.CO,C WorldWide Globale Aktier Etik KL,DKK,"C WorldWide Globale Aktier Etik KL is an open ended equity mutual fund launched by Carnegie Kapitalforvaltning AS. The fund is managed by Carnegie Asset Management Fondsmaeglerselskab A/S. The fund invests in public equity markets across the globe. It invests in stocks of companies operating across diversified sectors. The fund invests in securities that follow socially responsible approach. It benchmarks the performance of its portfolio against the MSCI AC World Index. The fund does not invest in companies that operate in the alcohol, tobacco, gambling, pornography and weapons industry. C WorldWide Globale Aktier Etik KL was formed on November 23, 2010 and is domiciled in Denmark.",Equities,Equities,C WorldWide,CPH,XCSE
CWIGAKL.CO,C WorldWide Globale Aktier KL,DKK,"C WorldWide Globale Aktier KL is an open-ended equity mutual fund launched by Carnegie Kapitalforvaltning AS. The fund is managed by C WorldWide Asset Management Fondsmaeglerselskab A/S. The fund invests in the public equity markets across the globe. It seeks to invest in the stocks of companies operating across diversified sectors. The fund benchmarks the performance of its portfolio against the MSCI All Country World Equity Index. C WorldWide Globale Aktier KL was formed on June 30, 1990 and is domiciled in Denmark.",Equities,Equities,C WorldWide,CPH,XCSE
CWISAKTKL.CO,C WorldWide Stabile Aktier KL,DKK,"C WorldWide Stabile Aktier KL is an open ended equity mutual fund launched by Carnegie Kapitalforvaltning AS. It is managed by C WorldWide Asset Management Fondsmaeglerselskab A/S. The fund invests in public equity markets of Europe. It invests in stocks of companies operating across diversified sectors. The fund seeks to track the performance of its portfolio against the MSCI Europe Index. C WorldWide Stabile Aktier KL was formed on May 23, 2005 and is domiciled in Denmark.",Equities,Allocation,C WorldWide,CPH,XCSE
DKIDK.CO,Danske Invest Danmark KL DKK d,DKK,"Danske Invest Danmark KL DKK d is a Danish investment fund. It invests primarily in Danish equities, aiming to provide investors with long-term capital appreciation and dividend income, denominated in DKK. The fund is managed by Danske Invest and is designed for investors seeking exposure to the Danish stock market.",,,Danske Invest,CPH,XCSE
DKIDKA.CO,Danske Invest Danmark Akk KL DKK,DKK,"Danske Invest Danmark Akk KL DKK is an accumulating Danish investment fund. It focuses on investing in Danish equities and reinvests the returns within the fund. Managed by Danske Invest, this fund targets capital appreciation and is suitable for investors seeking growth in the Danish market.",,,Danske Invest,CPH,XCSE
DKIDKF.CO,Danske Invest Danmark Fokus KL DKK d,DKK,"Danske Invest Danmark Fokus KL DKK d is a Danish investment fund focusing on a concentrated portfolio of Danish equities. The fund invests in a smaller number of companies compared to broad market index funds, aiming for higher returns through active management, denominated in DKK. Managed by Danske Invest, it offers exposure to a selection of Danish companies with strong growth potential.",,,Danske Invest,CPH,XCSE
DKIDKIEXOMXC20D.CO,Danske Invest - Danmark Indeks ex OMXC20,DKK,"Danske Invest - Danmark Indeks ex OMXC20 is a Danish index fund that excludes the OMXC20 index constituents. The fund seeks to replicate the performance of the broader Danish equity market excluding the 20 largest companies, offering exposure to smaller and mid-sized companies. It is managed by Danske Invest and provides diversified exposure to the Danish stock market outside of the largest companies.",Equities,Equities,Danske Invest,CPH,XCSE
DKIDKIX.CO,Danske Invest Danmark Indeks KL DKk d,DKK,"Danske Invest Danmark Indeks KL DKk d is a Danish index fund. It seeks to replicate the performance of the Danish stock market index, providing investors with broad market exposure, denominated in DKK. Managed by Danske Invest, it is suitable for investors seeking a cost-effective way to track the overall performance of the Danish stock market.",Equities,Equities,Danske Invest,CPH,XCSE
DKIEAUHU.CO,Investeringsforeningen Danske Invest - Europa Hojt Udbytte KL,DKK,"Investeringsforeningen Danske Invest - Europa Højt Udbytte KL is headquartered in Kongens Lyngby, Capital Region of Denmark, Denmark.",Equities,Equities,Danske Invest,CPH,XCSE
DKIEEU.CO,Danske Invest Osteuropa,DKK,"Danske Invest Osteuropa is a fund that invests in Eastern European equities. It targets companies located in or with significant operations in Eastern European countries, aiming to provide investors with exposure to the growth potential of the region. The fund is managed by Danske Invest.",Equities,Equities,Danske Invest,CPH,XCSE
DKIENEICBR.CO,Danske Invest Select Euro Investment Grade Corporate Bonds Restricted KL DKK d,DKK,"Danske Invest Select Euro Investment Grade Corporate Bonds Restricted KL DKK d is a Danish investment fund that invests in euro-denominated investment-grade corporate bonds. The fund aims to provide investors with a stable income stream and capital appreciation by selecting high-quality corporate bonds, denominated in DKK. The fund is managed by Danske Invest.",Fixed Income,Bonds,Danske Invest,CPH,XCSE
DKIEU.CO,Danske Invest Europa,DKK,Danske Invest Europa is a fund that invests in European equities. It aims to provide investors with long-term capital appreciation by investing in a diversified portfolio of companies across Europe. The fund is managed by Danske Invest.,Equities,Equities,Danske Invest,CPH,XCSE
DKIEU2KL.CO,Danske Invest - Europa 2 KL,DKK,"Danske Invest - Europa 2 KL is an open-ended equity mutual fund launched and managed by Danske Capital. It invests in the public equity markets of Europe. The fund was formerly known as Danske Invest - Europa Fokus. Danske Invest - Europa 2 KL was formed in July 3, 1998 and is domiciled in Denmark.",Equities,Equities,Danske Invest,CPH,XCSE
DKIEUADKKH.CO,Danske Invest Europa Akk klasse DKK h,DKK,"Danske Invest Europa Akk klasse DKK h is an accumulating European equity fund. It aims to generate long-term capital appreciation by investing in a diversified portfolio of European companies, with returns reinvested within the fund, denominated in DKK. The fund is managed by Danske Invest and suitable for investors seeking growth in the European market.",Equities,Equities,Danske Invest,CPH,XCSE
DKIEUIX.CO,Danske Invest Europa Indeks KL DKK d,DKK,"Danske Invest Europa Indeks KL DKK d is a European equity index fund. The fund seeks to replicate the performance of a broad European equity market index, providing investors with diversified exposure to the European stock market, denominated in DKK. It is managed by Danske Invest and offers a cost-effective way to track the overall performance of European equities.",Equities,Equities,Danske Invest,CPH,XCSE
DKIEUIXBNP.CO,Danske Invest Europa Indeks BNP KL DKK d,DKK,"Danske Invest Europa Indeks BNP KL DKK d is a European equity index fund that tracks a BNP Paribas benchmark. The fund aims to replicate the performance of a specific European equity index provided by BNP Paribas, offering investors exposure to a particular segment of the European stock market, denominated in DKK. It is managed by Danske Invest.",Equities,Equities,Danske Invest,CPH,XCSE
DKIEUSC.CO,Danske Invest Europa Small Cap KL DKK d,DKK,"Danske Invest Europa Small Cap KL DKK d is a fund that invests in small-cap European equities. It aims to provide investors with exposure to smaller companies in Europe, which often have higher growth potential compared to larger, more established companies, denominated in DKK. The fund is managed by Danske Invest.",Equities,Equities,Danske Invest,CPH,XCSE
DKIEUSCADKK.CO,Danske Invest Europe Small Cap AKK KL DKK,DKK,"Danske Invest Europe Small Cap AKK KL DKK is an accumulating small-cap European equity fund. It aims to generate long-term capital appreciation by investing in a diversified portfolio of small-cap European companies, with returns reinvested within the fund, denominated in DKK. The fund is managed by Danske Invest and suitable for investors seeking growth in the European small-cap market.",Equities,Equities,Danske Invest,CPH,XCSE
DKIFJIX.CO,Danske Invest Fjernøsten Indeks KL DKK d,DKK,"Danske Invest Fjernøsten Indeks KL DKK d is an index fund that tracks the performance of the Far East equity market. It aims to provide investors with broad market exposure to the Far East region by replicating a benchmark index, denominated in DKK. The fund is managed by Danske Invest and offers a cost-effective way to track the performance of Far Eastern equities.",Equities,Equities,Danske Invest,CPH,XCSE
DKIFO.CO,Danske Invest Fonde KL DKK d,DKK,"Danske Invest Fonde KL DKK d is a fund of funds that invests in other Danske Invest funds. It aims to provide investors with a diversified portfolio across various asset classes and geographic regions through its investments in different funds managed by Danske Invest, denominated in DKK. The fund offers a convenient way to achieve diversification within a single investment vehicle.",,,Danske Invest,CPH,XCSE
DKIGI.CO,Danske Invest Global Indeks KL,DKK,"Danske Invest Global Indeks KL is a global equity index fund. It aims to replicate the performance of a broad global equity market index, providing investors with diversified exposure to stocks from around the world. The fund is managed by Danske Invest.",Equities,Equities,Danske Invest,CPH,XCSE
DKIGIADKKH.CO,Danske Invest Global Indeks Akk KL DKK h,DKK,"Danske Invest Global Indeks Akk KL DKK h is an accumulating global equity index fund. It aims to replicate the performance of a broad global equity market index, with returns reinvested within the fund, denominated in DKK. The fund is managed by Danske Invest and suitable for investors seeking long-term growth in global equities.",Equities,Equities,Danske Invest,CPH,XCSE
DKIGSFUT.CO,Danske Invest - Global Sustainable Future Akk,DKK,"Danske Invest - Global Sustainable Future Akk is an equity mutual fund launched and managed by Danske Capital AS. The fund invests in the public equity markets across the globe except Denmark. It was formerly known as Danske Invest - Verden Akk. Danske Invest - Global StockPicking Akkumulerende was formed on November 22, 2002 and is domiciled in Denmark. It was formerly known as Danske Invest - Global Sustainable Future Akk on June 6, 2013.",Equities,Equities,Danske Invest,CPH,XCSE
DKIGSFUT2.CO,Danske Invest - Global Sustainable Future 2,DKK,"Danske Invest - Global Sustainable Future 2 is an equity mutual fund launched and managed by Danske Capital AS. The fund invests in growth stocks of companies. It was formerly known as Danske Invest - Vaekst. Danske Invest - Global Plus was formed on September 22, 2000 and is domiciled in Denmark. It was formerly known as Danske Invest - Global Plus on October 12, 2010.",Equities,Equities,Danske Invest,CPH,XCSE
DKIGSFUT3.CO,Danske Invest - Global Sustainable Future 3,DKK,Danske Invest - Global Sustainable Future 3 is an equity mutual fund launched and managed by Danske Capital AS. It invests in the public equity markets across the globe. The fund spreads its investments across diversified sectors. It was formerly known as Danske Invest Nye Markeder. Danske Invest - Global Sustainable Future 3 is domiciled in Denmark.,Equities,Equities,Danske Invest,CPH,XCSE
DKIGSFUTDKKD.CO,Investeringsforeningen Danske Invest - Global Sustainable Future,DKK,"the fund Investeringsforeningen Danske Invest - Global Sustainable Future was formerly known as Investeringsforeningen Danske Invest - Global StockPicking KL. Investeringsforeningen Danske Invest - Global Sustainable Future is an open ended equity mutual fund launched by Danske Invest Management Company (Société Anonyme). The fund is managed by Danske Capital AS. It invests in the public equity markets across the globe. The fund seeks to invest in stocks of companies operating across diversified sectors. It seeks to benchmark the performance of its portfolio against the MSCI All Country World index. The fund was formerly known as Danske Invest - Danske Invest StockPicking. Investeringsforeningen Danske Invest - Global StockPicking KL was formed on October 10, 2000 and is domiciled in Denmark.",Equities,Equities,Danske Invest,CPH,XCSE
DKIJAP.CO,Danske Invest Japan KL DKK d,DKK,"Danske Invest Japan KL DKK d is a fund that invests in Japanese equities. It aims to provide investors with exposure to the Japanese stock market and the growth potential of Japanese companies, denominated in DKK. The fund is managed by Danske Invest.",Equities,Equities,Danske Invest,CPH,XCSE
DKIMA.CO,Danske Invest Mix Akk KL,DKK,"Danske Invest Mix Akk KL is a mixed-asset fund that invests in a combination of equities and bonds. It aims to provide investors with a balanced portfolio that offers both growth potential and income, with returns reinvested within the fund. The fund is managed by Danske Invest and suitable for investors seeking a diversified investment solution.",Equities,Allocation,Danske Invest,CPH,XCSE
DKIMDA.CO,Danske Invest Mix Defensiv Akk KL,DKK,"Danske Invest Mix Defensiv Akk KL is a defensive mixed-asset fund that invests in a combination of equities and bonds with a focus on lower risk. It aims to provide investors with a stable return profile by allocating a larger portion of its assets to bonds, with returns reinvested within the fund. The fund is managed by Danske Invest and suitable for investors with a conservative risk appetite.",Equities,Allocation,Danske Invest,CPH,XCSE
DKIMOAK.CO,Danske Invest Mix Offensiv Akk KL,DKK,"Danske Invest Mix Offensiv Akk KL is an aggressive mixed-asset fund that invests in a combination of equities and bonds with a focus on higher growth. It aims to provide investors with a higher return potential by allocating a larger portion of its assets to equities, with returns reinvested within the fund. The fund is managed by Danske Invest and suitable for investors with a higher risk tolerance.",Equities,Allocation,Danske Invest,CPH,XCSE
DKIMOPA.CO,Danske Invest Mix Offensiv Plus Akk KL,DKK,"Danske Invest Mix Offensiv Plus Akk KL is a more aggressive mixed-asset fund. It has an even larger allocation to equities than the ""Offensiv"" fund, seeking higher returns but also carrying greater risk; returns are reinvested, compounding growth over time. The fund is managed by Danske Invest, targeting investors with a high risk appetite.",Equities,Allocation,Danske Invest,CPH,XCSE
DKINMAKK.CO,Danske Invest Nye Markeder Akk KL DKK,DKK,"Danske Invest Nye Markeder Akk KL DKK is an accumulating emerging markets equity fund. It aims to generate long-term capital appreciation by investing in a diversified portfolio of companies in emerging markets, with returns reinvested within the fund, denominated in DKK. The fund is managed by Danske Invest and suitable for investors seeking growth in emerging markets.",,,Danske Invest,CPH,XCSE
DKINMSC.CO,Danske Invest Nye Markeder Small Cap KL DKK d,DKK,"Danske Invest Nye Markeder Small Cap KL DKK d is a fund that invests in small-cap equities in emerging markets. It aims to provide investors with exposure to smaller companies in emerging markets, which often have higher growth potential compared to larger, more established companies, denominated in DKK. The fund is managed by Danske Invest.",Equities,Equities,Danske Invest,CPH,XCSE
DKINYM.CO,Danske Invest Nye Markeder KL DKK d,DKK,"Danske Invest Nye Markeder KL DKK d is a fund that invests in equities in emerging markets. It aims to provide investors with exposure to the growth potential of companies located in or with significant operations in emerging market countries, denominated in DKK. The fund is managed by Danske Invest.",,,Danske Invest,CPH,XCSE
DKISEMM.CO,Danske Invest Select Emerging Markets KL DKK d,DKK,"Danske Invest Select Emerging Markets KL DKK d is a fund that selectively invests in emerging market equities. It aims to provide investors with exposure to emerging markets, through a selection of companies identified through active management, denominated in DKK. The fund is managed by Danske Invest.",Equities,Equities,Danske Invest,CPH,XCSE
DKIUSA.CO,Danske Invest USA KL DKK d,DKK,"Danske Invest USA KL DKK d is a fund that invests in US equities. It aims to provide investors with exposure to the US stock market and the growth potential of US companies, denominated in DKK. The fund is managed by Danske Invest.",Equities,Equities,Danske Invest,CPH,XCSE
DKIUSAADKKH.CO,Danske Invest USA KL DKK h,DKK,"Danske Invest USA KL DKK h is a fund that invests in US equities, denominated in DKK, with a specific share class (h). It aims to provide investors with exposure to the US stock market and the growth potential of US companies. The fund is managed by Danske Invest.",Equities,Equities,Danske Invest,CPH,XCSE
FIIDKM.CO,Falcon Invest - Falcon Danske Aktier Momentum,DKK,Falcon Invest - Falcon Danske Aktier Momentum is headquartered in Denmark.,Equities,Equities,Falcon Invest,CPH,XCSE
FIIEUM.CO,Falcon Invest - Falcon Europe Momentum,DKK,Falcon Invest - Falcon Europe Momentum is headquartered in Denmark.,Equities,Equities,Falcon Invest,CPH,XCSE
FIIFLM.CO,Falcon Invest - Falcon Flex Momentum,DKK,Falcon Invest - Falcon Flex Momentum is headquartered in Denmark.,Equities,Equities,Falcon Invest,CPH,XCSE
FIIGLM.CO,Kapitalforeningen Falcon Invest - Afdeling Falcon Global Momentum,DKK,Kapitalforeningen Falcon Invest - Afdeling Falcon Global Momentum is headquartered in Denmark.,Equities,Equities,Falcon Invest,CPH,XCSE
FPIDKA.CO,Formuepleje - Danske Aktier,DKK,"Formuepleje - Danske Aktier is headquartered in Copenhagen, Denmark.",Equities,Equities,Formuepleje,CPH,XCSE
FPIEVO.CO,Formuepleje - EM Virksomhedsobligationer,DKK,"Formuepleje - EM Virksomhedsobligationer is headquartered in Aarhus, Central Denmark Region, Denmark.",Fixed Income,Bonds,Formuepleje,CPH,XCSE
FPIGHY.CO,Formuepleje - Global High Yield,DKK,"Formuepleje - Global High Yield is headquartered in Copenhagen, Capital Region of Denmark, Denmark.",Equities,Equities,Formuepleje,CPH,XCSE
FPIPPB.CO,Formuepleje - PensionPlanner Balance,DKK,"Formuepleje - PensionPlanner Balance is a balanced mutual fund of fund launched and managed by Absalon Capital Fondsmæglerselskab A/S. It invests in funds that invest in the public equity and fixed income markets across the globe. For its equity portion, the fund seeks to invest in other funds that invest in the stocks of companies operating across diversified sectors. It invests in funds that invest in the stocks of large-cap and mid-cap companies. For its fixed income portion, the fund invests in funds that invest in bonds with a maturity of up to 3 years. It employs active management style to manage its portfolio. The fund benchmarks the performance of its portfolio against a composite index comprising of 60SCI World Index Total Return Net, 20",Equities,Allocation,Formuepleje,CPH,XCSE
FPIPPM.CO,Absalon Invest PensionPlanner Moderat,DKK,"Absalon Invest PensionPlanner Moderat is a balanced mutual fund of fund launched and managed by Absalon Capital Fondsmæglerselskab A/S. It invests in funds that invest in the public equity and fixed income markets across the globe. For its equity portion, the fund seeks to invest in other funds that invest in the stocks of companies operating across diversified sectors. It invests in funds that invest in the stocks of large-cap and mid-cap companies. For its fixed income portion, the fund invests in funds that invest in bonds with a maturity of up to 3 years. It employs active management style to manage its portfolio. The fund benchmarks the performance of its portfolio against a composite index comprising of 40% MSCI World Index Total Return Net, 30% Nordea Constant Maturity Index 2y, and 30% Nordea Constant Maturity Index 3y. It was formerly known as Absalon Invest - Moderat. Absalon Invest PensionPlanner Moderat was formed on June 22, 2009 and is domiciled in Denmark.",Equities,Allocation,Absalon Invest,CPH,XCSE
FPIPPS.CO,Formuepleje - PensionPlanner Stabil,DKK,"Formuepleje - PensionPlanner Stabil is a balanced mutual fund of fund launched and managed by Absalon Capital Fondsmæglerselskab A/S. It invests in funds that invest in the public equity and fixed income markets across the globe. For its equity portion, the fund seeks to invest in other funds that invest in the stocks of companies operating across diversified sectors. It invests in funds that invest in the stocks of large-cap and mid-cap companies. For its fixed income portion, the fund invests in funds that invest in bonds with a maturity of up to 3 years. It employs active management style to manage its portfolio. The fund benchmarks the performance of its portfolio against a composite index comprising of 25% MSCI World Index Total Return Net, 37.5% Nordea Constant Maturity Index 2y, and 37.5% Nordea Constant Maturity Index 3y. It was formerly known as Absalon Invest PensionPlanner Stabil. Formuepleje - PensionPlanner Stabil was formed on June 22, 2009 and is domiciled in Denmark.",Equities,Allocation,Formuepleje,CPH,XCSE
FPIPPV.CO,Formuepleje - PensionPlanner Vaekst,DKK,"Formuepleje - PensionPlanner Vækst is an equity mutual fund of fund launched and managed by Absalon Capital Fondsmæglerselskab A/S. It invests in funds that invest in the public equity markets of the developed countries across the globe. The fund seeks to invest in other funds that invest in the stocks of companies operating across diversified sectors. It invests in funds that invest in the stocks of large-cap and mid-cap companies. The fund employs active management style to manage its portfolio. It benchmarks the performance of its portfolio against the MSCI World Index Total Return Net. The fund was formerly known as Absalon Invest PensionPlanner Vækst. Formuepleje - PensionPlanner Vækst was formed on June 22, 2009 and is domiciled in Denmark.",Equities,Allocation,Formuepleje,CPH,XCSE
FPIRUS.CO,Formuepleje - Rusland,DKK,"Formuepleje - Rusland is headquartered in Copenhagen, Denmark.",,,Formuepleje,CPH,XCSE
HAID30A.CO,Handelsinvest - Defensiv 30,DKK,"Handelsinvest - Defensiv 30 is headquartered in Stockholm, Stockholm County, Sweden.",Equities,Allocation,Handelsinvest,CPH,XCSE
HAIO60A.CO,Handelsinvest Offensiv 60 (AK),DKK,"Handelsinvest Offensiv 60 (AK) is headquartered in Stockholm, Stockholm County, Sweden.",Equities,Allocation,Handelsinvest,CPH,XCSE
JYIALVKL.CO,Jyske Invest Aktier Lav Volatilitet KL,DKK,"Jyske Invest Aktier Lav Volatilitet KL is headquartered in Silkeborg, Central Denmark Region, Denmark.",Equities,Equities,Jyske Invest,CPH,XCSE
JYIDKAKL.CO,Jyske Invest Danske Aktier KL,DKK,Jyske Invest Danske Aktier is an open ended equity mutual fund launched and managed by Jyske Invest International. The fund primarily invests in the public equity markets of the Denmark. It makes its investments in stocks of companies operating across diversified sectors. Jyske Invest Danske Aktier is domiciled in the Denmark.,Equities,Equities,Jyske Invest,CPH,XCSE
JYIEUAKL.CO,Jyske Invest - Europaeiske Aktier KL,DKK,Jyske Invest - Europæiske Aktier KL is an open ended equity mutual fund launched and managed by Jyske Invest Fund Management A/S. The fund invests in public equity market of Europe. It invests stocks of companies operating across diversified sectors. Jyske Invest - Europæiske Aktier KL is domiciled in Denmark.,Equities,Equities,Jyske Invest,CPH,XCSE
JYIFAVKL.CO,Jyske Invest Favorit Aktier KL,DKK,"Jyske Invest Favorit Aktier is an open ended equity mutual fund launched and managed by Jyske Invest Fund Management A/S. It invests in the public equity markets across the globe, primarily the United States. The fund makes its investments in stocks of companies operating across diversified sectors. Jyske Invest Favorit Aktier is domiciled in Denmark.",Equities,Equities,Jyske Invest,CPH,XCSE
JYIFJEKL.CO,Jyske Invest - Fjernosten Aktier KL,DKK,"Jyske Invest - Fjernøsten Aktier KL is an equity mutual fund launched and managed by Jyske Invest Fund Management A/S. It invests in the public equity markets of the Far East with an emphasis on China, Korea, India, Taiwan, and Hong Kong. The fund invests in stocks of companies operating across diversified sectors. Jyske Invest - Fjernøsten Aktier KL is domiciled in Denmark.",Equities,Equities,Jyske Invest,CPH,XCSE
JYIGASRIKL.CO,Jyske Invest - Globale Aktier Special KL,DKK,"Jyske Invest - Globale Aktier Special KL is headquartered in Silkeborg, Central Denmark Region, Denmark.",Equities,Equities,Jyske Invest,CPH,XCSE
JYIGLOKL.CO,Jyske Invest Globale Aktier KL,DKK,Jyske Invest Globale Aktier is an open ended equity mutual fund launched and managed by Jyske Invest Fund Management A/S. The fund primarily invests in the public equity markets across the globe. It seeks to invest in the stocks of companies operating across diversified sectors. Jyske Invest Globale Aktier is domiciled in Denmark.,Equities,Equities,Jyske Invest,CPH,XCSE
JYIINAKL.CO,Jyske Invest Indiske Aktier KL,DKK,Jyske Invest Indiske Aktier is an open ended equity mutual fund launched and managed by Jyske Invest Fund Management A/S. The fund primarily invests in the public equity markets of India. It seeks to invest in the stocks of companies operating across diversified sectors. Jyske Invest Indiske Aktier is domiciled in Denmark.,Equities,Equities,Jyske Invest,CPH,XCSE
JYIKIKL.CO,Jyske Invest Kinesiske Aktier KL,DKK,Jyske Invest Kinesiske Aktier is an open ended equity mutual fund launched and managed by Jyske Invest Fund Management A/S. The fund primarily invests in the public equity markets of China. It seeks to invest in the stocks of companies operating across diversified sectors. Jyske Invest Kinesiske Aktier is domiciled in Denmark.,Equities,Equities,Jyske Invest,CPH,XCSE
JYINOBVKL.CO,Jyske Invest - Nye Obligationsmarkeder Valuta KL,DKK,"Jyske Invest - Nye Obligationsmarkeder Valuta KL is a fixed income mutual fund launched and managed by Jyske Invest A/S. It invests in the fixed income markets of emerging markets across the globe. The fund invests in local currency bonds issued by or guaranteed by government. It employs active management style to manage its portfolio. The fund benchmarks the performance of its portfolio against the JP Morgan Government Bond Index-Emerging Markets Global Diversified Unhedged (converted to USD). Jyske Invest - Nye Obligationsmarkeder Valuta KL was formed on September 18, 2005 and is domiciled in Denmark.",Fixed Income,Bonds,Jyske Invest,CPH,XCSE
JYINYAKL.CO,Jyske Invest Nye Aktiemarkeder KL,DKK,Jyske Invest Nye Aktiemarkeder is an open ended equity mutual fund launched and managed by Jyske Invest Fund Management A/S. The fund primarily invests in the public equity markets across the global emerging markets. It seeks to invest in the stocks of companies operating across diversified sectors. The fund was formerly known as Jyske Invest Hojvekstmarkeder Aktier. Jyske Invest Nye Aktiemarkeder is domiciled in Denmark.,Equities,Equities,Jyske Invest,CPH,XCSE
JYIOBAKKL.CO,Jyske Invest Obligationer og Aktier KL,DKK,"Jyske Invest Obligationer og Aktier KL is headquartered in Silkeborg, Central Denmark Region, Denmark.",Fixed Income,Bonds,Jyske Invest,CPH,XCSE
JYIUSAKL.CO,Jyske Invest USA Aktier KL,DKK,Jyske Invest USA Aktier is an open ended equity mutual fund launched and managed by Jyske Invest Fund Management A/S. The fund primarily invests in the public equity markets of United States. It seeks to invest in the stocks of companies operating across diversified sectors. Jyske Invest USA Aktier is domiciled in Denmark.,Equities,Equities,Jyske Invest,CPH,XCSE
LSIDAB.CO,Lån & Spar Invest - Danske Aktier Basis,DKK,Lån & Spar Invest - Danske Aktier Basis is a Danish investment fund that invests primarily in Danish equities. The fund aims to provide investors with long-term capital appreciation. The fund is managed by Lån & Spar Invest.,Equities,Equities,Lån & Spar Invest,CPH,XCSE
LSIDBA.CO,Lån & Spar Invest - Danske Aktier Basis Akkumulerende,DKK,Lån & Spar Invest - Danske Aktier Basis Akkumulerende is a Danish investment fund that invests primarily in Danish equities and reinvests dividends to enhance capital appreciation. The fund is managed by Lån & Spar Invest. The fund is based in Denmark.,Equities,Equities,Lån & Spar Invest,CPH,XCSE
LSIDKA.CO,Lån & Spar Invest - Danske Aktier,DKK,Lån & Spar Invest - Danske Aktier is a Danish investment fund that invests primarily in Danish equities. The fund aims to provide investors with long-term capital appreciation. The fund is managed by Lån & Spar Invest.,Equities,Equities,Lån & Spar Invest,CPH,XCSE
LSIEUC.CO,Lån & Spar Invest - Europa Classics,DKK,Lån & Spar Invest - Europa Classics is a Danish investment fund that invests in a diversified portfolio of European equities. The fund aims to provide investors with long-term capital appreciation. The fund is managed by Lån & Spar Invest.,Equities,Equities,Lån & Spar Invest,CPH,XCSE
LSIGAA.CO,Lån & Spar Invest - Globale Aktier Basis Akkumulerende,DKK,Lån & Spar Invest - Globale Aktier Basis Akkumulerende is a Danish investment fund that invests in a diversified portfolio of global equities and reinvests dividends to enhance capital appreciation. The fund is managed by Lån & Spar Invest. The fund is based in Denmark.,Equities,Equities,Lån & Spar Invest,CPH,XCSE
LSIGAB.CO,Lån & Spar Invest - Globale Aktier Basis,DKK,Lån & Spar Invest - Globale Aktier Basis is a Danish investment fund that invests in a diversified portfolio of global equities. The fund aims to provide investors with long-term capital appreciation. The fund is managed by Lån & Spar Invest.,Equities,Equities,Lån & Spar Invest,CPH,XCSE
LSIVSE.CO,Lån & Spar Invest - Verden Selection,DKK,Lån & Spar Invest - Verden Selection is an investment fund. It invests in a diversified portfolio of assets. The fund is available in Denmark.,,,Lån & Spar Invest,CPH,XCSE
MAJDKA.CO,Maj Invest Danske Aktier,DKK,Maj Invest Danske Aktier is an investment fund focused on Danish equities. The fund aims to provide investors with a return that corresponds to the development in the Danish stock market. Its investment strategy focuses on selecting and managing a portfolio of Danish stocks.,Equities,Equities,Maj Invest,CPH,XCSE
MAJEMA.CO,Maj Invest Emerging Markets,DKK,Maj Invest Emerging Markets is an investment fund focusing on equities in emerging markets. The fund seeks to generate long-term capital appreciation through investments in companies operating in developing economies. The fund's strategy involves identifying and investing in promising companies with growth potential in emerging markets.,Equities,Equities,Maj Invest,CPH,XCSE
MAJGS.CO,Maj Invest Global Sundhed,DKK,"Maj Invest Global Sundhed is an investment fund focused on the global healthcare sector. The fund aims to provide investors with exposure to companies involved in pharmaceuticals, biotechnology, medical devices, and healthcare services. The fund's investment strategy focuses on identifying and investing in companies with strong growth potential within the healthcare industry worldwide.",Equities,Equities,Maj Invest,CPH,XCSE
MAJKON.CO,Maj Invest Kontra,DKK,Maj Invest Kontra is an investment fund with a contrarian investment approach. The fund seeks to identify undervalued investment opportunities that are out of favor with the broader market. Its strategy involves analyzing companies and assets that are temporarily undervalued and capitalizing on their potential for future growth.,,,Maj Invest,CPH,XCSE
MAJMAK.CO,Maj Invest Makro,DKK,"Maj Invest Makro is an investment fund that focuses on macroeconomic trends. The fund aims to generate returns by analyzing and predicting global macroeconomic developments and their impact on financial markets. The fund's strategy involves allocating assets based on anticipated changes in macroeconomic conditions, such as interest rates, inflation, and economic growth.",,,Maj Invest,CPH,XCSE
MAJPEN.CO,Maj Invest Pension,DKK,Maj Invest Pension is a pension fund management company. The company provides pension and investment solutions for individuals and institutions. Their services include managing pension assets and providing financial planning advice.,,,Maj Invest,CPH,XCSE
MAJVA.CO,Maj Invest - Maj Invest Vaekstaktier KL,DKK,"Maj Invest - Maj Invest Vækstaktier KL is headquartered in Copenhagen, Denmark.",Equities,Equities,Maj Invest,CPH,XCSE
MAJVAA.CO,Maj Invest Value Aktier Akk,DKK,"Maj Invest Value Aktier Akk is an investment fund that focuses on value investing in equities. The fund aims to identify and invest in undervalued stocks with strong potential for long-term growth. It utilizes an accumulation strategy, reinvesting dividends to increase the overall value of the portfolio.",Equities,Equities,Maj Invest,CPH,XCSE
MAJVAL.CO,Maj Invest Value Aktier,DKK,Maj Invest Value Aktier is an investment fund that focuses on value investing in equities. The fund aims to identify and invest in undervalued stocks with strong potential for long-term growth. It focuses on identifying and investing in companies with solid fundamentals that are trading below their intrinsic value.,Equities,Equities,Maj Invest,CPH,XCSE
MAJVASRI.CO,Maj Invest Value Aktier SRI+,DKK,"Maj Invest Value Aktier SRI+ is an investment fund that focuses on value investing in equities while adhering to socially responsible investing (SRI) principles. The fund aims to identify and invest in undervalued stocks with strong potential for long-term growth, while also considering environmental, social, and governance (ESG) factors. It integrates SRI considerations into its investment selection process.",Equities,Equities,Maj Invest,CPH,XCSE
NDI4KL.CO,Nordea Invest Basis 4,DKK,"Nordea Invest Basis 4 is headquartered in Copenhagen V, Denmark.",,,Nordea Invest,CPH,XCSE
NDIAKL.CO,Nordea Invest Aktier,DKK,Nordea Invest Aktier is an open ended equity mutual fund launched and managed by Nordea Invest Fund Management A/S. It invests in the public equity markets across the globe. The fund was formerly known as Uni-Invest Aktier. Nordea Invest Aktier is domiciled in Denmark.,Equities,Equities,Nordea Invest,CPH,XCSE
NDIAKTIIKL.CO,Nordea Invest Aktier II,DKK,Nordea Invest Aktier II is an equity mutual fund launched and managed by Nordea Invest Fund Management A/s. It invests in the public equity markets across the globe. The fund invests in stocks of companies operating across diversified sectors. It was formerly known as Nordea Invest World. Nordea Invest Aktier II is domiciled in Denmark,Equities,Equities,Nordea Invest,CPH,XCSE
NDIB1KL.CO,Nordea Invest Basis 1,DKK,"Nordea Invest Basis 1 is headquartered in Copenhagen V, Denmark.",,,Nordea Invest,CPH,XCSE
NDIB2KL.CO,Nordea Invest Basis 2,DKK,"Nordea Invest Basis 2 is headquartered in Stockholm, Stockholm County, Sweden.",,,Nordea Invest,CPH,XCSE
NDIB3KL.CO,Nordea Invest Basis 3,DKK,"Nordea Invest Basis 3 is headquartered in Copenhagen V, Denmark.",,,Nordea Invest,CPH,XCSE
NDIDAFKL.CO,Nordea Invest Danske Aktier Fokus,DKK,"Nordea Invest Danske Aktier Fokus is headquartered in Copenhagen V, Denmark.",Equities,Equities,Nordea Invest,CPH,XCSE
NDIDKKL.CO,Nordea Invest Danmark,DKK,"Nordea Invest Danmark is headquartered in Copenhagen V, Denmark.",,,Nordea Invest,CPH,XCSE
NDIEMKL.CO,Nordea Invest Emerging Markets,DKK,"Nordea Invest Emerging Markets is an open-ended equity mutual fund launched and managed by Nordea Invest Fund Management A/S. The fund invests in the public equity markets across the globe. Nordea Invest Emerging Markets was formed on December 1, 2004 and is domiciled in Denmark.",Equities,Equities,Nordea Invest,CPH,XCSE
NDIEMMAENKL.CO,Investeringsforeningen Nordea Invest - Emerging Markets Enhanced,DKK,"Investeringsforeningen Nordea Invest - Emerging Markets Enhanced is headquartered in Stockholm, Stockholm County, Sweden.",Equities,Equities,Nordea Invest,CPH,XCSE
NDIESKL1.CO,Nordea Invest - Emerging Stars Fund,DKK,"Nordea Invest - Emerging Stars Fund is headquartered in Copenhagen V, Denmark.",Equities,Equities,Nordea Invest,CPH,XCSE
NDIEUENHKL.CO,Nordea Invest Europe Enhanced,DKK,"Nordea Invest Europe Enhanced is headquartered in Copenhagen, Denmark.",,,Nordea Invest,CPH,XCSE
NDIEUSCKL.CO,Nordea Invest Europa Small Cap,DKK,"Nordea Invest Europa Small Cap is an open ended equity mutual fund launched and managed by Nordea Invest Fund Management A/s. The fund invests in the public equity markets of Europe. It invests in stocks of companies operating across diversified sectors. The fund invests in stocks of small cap companies. It benchmarks the performance of its portfolio against the MSCI Europe Small Cap Index. Nordea Invest Europa Small Cap was formed on March 5, 1997 and is domiciled in Denmark.",Equities,Equities,Nordea Invest,CPH,XCSE
NDIEUSTKL.CO,Nordea Invest European Stars,DKK,"Nordea Invest European Stars is an equity mutual fund launched and managed by Nordea Invest Fund Management A/s. The fund invests in the public equity markets of United Kingdom, France, Germany, Netherlands, and Switzerland. It invests in stocks of companies operating across finance, telecom, energy, commodities, and pharmaceuticals sectors. Nordea Invest European Stars is domiciled in Denmark.",,,Nordea Invest,CPH,XCSE
NDIGAIKL.CO,Nordea Invest - Nordea Invest Globale Aktier Indeks Fund,DKK,"Nordea Invest - Nordea Invest Globale Aktier Indeks Fund is headquartered in Copenhagen V, Denmark.",Equities,Equities,Nordea Invest,CPH,XCSE
NDIGLENHKL.CO,Investeringsforeningen Nordea Invest - Global Enhanced,DKK,"Investeringsforeningen Nordea Invest - Global Enhanced is headquartered in Helsinki, Uusimaa, Finland.",Equities,Equities,Nordea Invest,CPH,XCSE
NDIGSCKL.CO,Nordea Invest Global Small Cap,DKK,"Nordea Invest Global Small Cap is headquartered in Richmond, Virginia.",Equities,Equities,Nordea Invest,CPH,XCSE
NDIGSTKL1.CO,Nordea Invest Global Stars,DKK,"Nordea Invest Global Stars is headquartered in Luxembourg, Luxembourg.",Equities,Equities,Nordea Invest,CPH,XCSE
NDIGUAKL.CO,Nordea Invest Globale UdbytteAktier,DKK,"Nordea Invest Globale UdbytteAktier is headquartered in Copenhagen V, Denmark.",Equities,Equities,Nordea Invest,CPH,XCSE
NDIHOJLKL.CO,Nordea Invest HojrenteLande Fund,DKK,"Nordea Invest HøjrenteLande Fund is an open ended fixed-income mutual fund. It is launched by Nordea Funds Ltd. It is managed by PGIM, Inc. It benchmarks its performance against the JPM EMBI Global Diversified (hedged DKK) Index. Nordea Invest HøjrenteLande Fund was fromed on July 11, 2003 and is domiciled in Denmark.",Fixed Income,Bonds,Nordea Invest,CPH,XCSE
NDIJAPENHKL.CO,Investeringsforeningen Nordea Invest - Japan Enhanced,DKK,"Investeringsforeningen Nordea Invest - Japan Enhanced is headquartered in Helsinki, Uusimaa, Finland.",Equities,Equities,Nordea Invest,CPH,XCSE
NDIKMKL.CO,Nordea Invest - Klima og Miljo,DKK,"Nordea Invest - Klima og Miljø is headquartered in Copenhagen V, Denmark.",,,Nordea Invest,CPH,XCSE
NDINAEKL.CO,Nordea Invest - North America Enhanced,DKK,"Nordea Invest - North America Enhanced is headquartered in Copenhagen, Denmark.",,,Nordea Invest,CPH,XCSE
NDINASTKL.CO,Nordea Invest North American Stars,DKK,"Nordea Invest North American Stars is headquartered in Copenhagen V, Denmark. Nordea Invest North American Stars was fomed on October 26, 2020. Was formerly known as Nordea Invest USA.",,,Nordea Invest,CPH,XCSE
NDINOSKL.CO,Nordea Invest Nordic Stars,DKK,"Nordea Invest Nordic Stars is headquartered in Copenhagen V, Denmark.",,,Nordea Invest,CPH,XCSE
NDINSCKL.CO,Nordea Invest Nordic Small Cap,DKK,"Nordea Invest Nordic Small Cap is headquartered in Copenhagen V, Denmark.",Equities,Equities,Nordea Invest,CPH,XCSE
NDISTAAKL.CO,Nordea Invest Stabile Aktier Akkumulerende,DKK,"Nordea Invest Stabile Aktier Akkumulerende is headquartered in Copenhagen V, Denmark.",Equities,Allocation,Nordea Invest,CPH,XCSE
NDISTABAKL.CO,Nordea Invest Stabile Aktier,DKK,"Nordea Invest Stabile Aktier is headquartered in Copenhagen V, Denmark.",Equities,Allocation,Nordea Invest,CPH,XCSE
NDISTABKL.CO,Nordea Invest Stabil Balanceret,DKK,Nordea Invest Stabil Balanceret is an open ended balanced mutual fund launched and managed by Nordea Invest Fund Management A/S. It invests in the public equity and fixed income markets across the globe. The fund was formerly known as Nordea Invest Stabil. Nordea Invest Stabil Balanceret is domiciled in Denmark.,Equities,Allocation,Nordea Invest,CPH,XCSE
NDIVOMKL.CO,Nordea Invest - Verdens Obligationsmarkeder,DKK,"Nordea Invest - Verdens Obligationsmarkeder is headquartered in Stockholm, Stockholm County, Sweden.",Fixed Income,Bonds,Nordea Invest,CPH,XCSE
NYIBDA.CO,Nykredit Invest Baeredygtige Aktier,DKK,"Nykredit Invest Bæredygtige Aktier is headquartered in Copenhagen, Denmark.",Fixed Income,Bonds,Nykredit Invest,CPH,XCSE
NYIBRA.CO,Investin - Balanced Risk Allocation Fund,DKK,"Investin - Balanced Risk Allocation Fund is headquartered in København, Capital Region of Denmark, Denmark.",Equities,Allocation,Investin,CPH,XCSE
SPIC25KL.CO,Sparindex INDEX OMX C25 KL,DKK,"Sparindex INDEX OMX C25 KL is headquartered in Taastrup, Capital Region of Denmark, Denmark.",Equities,Equities,Sparinvest,CPH,XCSE
SPICUMKLA.CO,Sparinvest Cumulus Value KL,DKK,"Sparinvest Cumulus Value KL is headquartered in Taastrup, Capital Region of Denmark, Denmark.",Equities,Equities,Sparinvest,CPH,XCSE
SPIDJWKL.CO,Sparinvest INDEX DJSI World KL,DKK,"Sparinvest INDEX DJSI World KL is an investment fund that tracks the performance of the Dow Jones Sustainability World Index. The fund invests in companies with high environmental, social, and governance (ESG) ratings. The fund is managed by Sparinvest and is likely based in Denmark.",Equities,Equities,Sparinvest,CPH,XCSE
SPIDKAKLA.CO,Sparinvest Danske Aktier KL,DKK,Sparivest Danske Aktier KL is an open ended equity mutual fund launched and managed by Sparinvest Fondæglerselskab A/S. The fund primarily invests in the public equity markets of the Denmark. It makes its investments in the stocks of companies operating across diversified sectors. The fund seeks to replicate the performance of its portfolio by investing in stocks of companies listed on OMX C20 Index. It benchmarks the performance of its portfolio against the OMX C20 Index. The fund was formerly known ad Sparinvest Danske Aktier. Sparivest Danske Aktier KL is domiciled in the Denmark.,Equities,Equities,Sparinvest,CPH,XCSE
SPIEMIKL.CO,Sparinvest INDEX Emerging Markets KL,DKK,"Sparinvest INDEX Emerging Markets KL is an investment fund focused on equity investments in emerging markets. The fund aims to replicate the performance of a relevant emerging markets index. Sparinvest manages the fund, which is likely based in Denmark.",Equities,Equities,Sparinvest,CPH,XCSE
SPIEUCKL.CO,Sparinvest INDEX Europa Small Cap KL,DKK,"Sparinvest INDEX Europa Small Cap KL is an investment fund focused on tracking the performance of small-cap companies in the European market. The fund aims to replicate the returns of a specific small-cap index, offering investors exposure to this segment of the European equity market. The fund is managed by Sparinvest and is based in Denmark.",Equities,Equities,Sparinvest,CPH,XCSE
SPIEUGKL.CO,Sparinvest INDEX Europa Growth KL,DKK,Sparinvest INDEX Europa Growth KL is an investment fund that seeks to mirror the performance of growth-oriented companies within the European stock market. The fund provides investors with exposure to European companies exhibiting strong growth characteristics. The fund is managed by Sparinvest and is domiciled in Denmark.,Equities,Equities,Sparinvest,CPH,XCSE
SPIEUVKL.CO,Sparinvest INDEX Europa Value KL,DKK,"Sparinvest INDEX Europa Value KL is a Danish investment fund that aims to replicate the performance of value stocks in the European market. The fund invests in undervalued European companies, seeking to provide investors with exposure to this investment style. Sparinvest manages the fund, which is based in Denmark.",Equities,Equities,Sparinvest,CPH,XCSE
SPIGFA.CO,Investeringsforeningen Sparinvest - Globale Fokusaktier Kl,DKK,Investeringsforeningen Sparinvest - Globale Fokusaktier Kl is an investment fund that focuses on global equities with a concentrated portfolio of selected stocks. The fund aims to achieve long-term capital appreciation through investments in a limited number of global companies. The fund is managed by Sparinvest and is domiciled in Denmark.,Equities,Equities,Sparinvest,CPH,XCSE
SPIGLAMRIKL.CO,Sparinvest INDEX Globale Akt Min Risiko KL,DKK,"Sparinvest INDEX Globale Akt Min Risiko KL is an investment fund based in Denmark that aims to track the performance of global equities while minimizing risk. The fund invests in a diversified portfolio of global stocks, seeking to provide investors with stable returns. The fund is managed by Sparinvest and is domiciled in Denmark.",Equities,Equities,Sparinvest,CPH,XCSE
SPIJAGKL.CO,Sparinvest INDEX Japan Growth KL,DKK,Sparinvest INDEX Japan Growth KL is an investment fund that seeks to replicate the performance of growth stocks in the Japanese equity market. The fund aims to provide investors with exposure to Japanese companies exhibiting strong growth potential. The fund is managed by Sparinvest and is domiciled in Denmark.,Equities,Equities,Sparinvest,CPH,XCSE
SPIJASKL.CO,Sparinvest INDEX Japan Small Cap KL,DKK,"Sparinvest INDEX Japan Small Cap KL is an investment fund focusing on the small-cap segment of the Japanese equity market. The fund seeks to replicate the performance of a specific small-cap index in Japan, offering investors exposure to this market segment. Sparinvest manages the fund and is based in Denmark.",Equities,Equities,Sparinvest,CPH,XCSE
SPIJAVKL.CO,Sparinvest INDEX Japan Value KL,DKK,"Sparinvest INDEX Japan Value KL is an investment fund that seeks to track the performance of value stocks in the Japanese equity market. The fund aims to provide investors with exposure to undervalued companies in Japan. Sparinvest manages the fund, which is based in Denmark.",Equities,Equities,Sparinvest,CPH,XCSE
SPIMAAKLA.CO,Sparinvest Momentum Aktier Akk. KL,DKK,"Sparinvest Momentum Aktier Akk. KL is headquartered in Taastrup, Capital Region of Denmark, Denmark.",Equities,Equities,Sparinvest,CPH,XCSE
SPIMAKKLA.CO,Sparinvest Momentum Aktier KL,DKK,"Sparinvest Momentum Aktier KL is headquartered in Taastrup, Capital Region of Denmark, Denmark.",Equities,Equities,Sparinvest,CPH,XCSE
SPIMHRKLA.CO,Sparinvest - Mix Hoj Risiko KL,DKK,"Sparinvest - Mix Høj Risiko KL is headquartered in Taastrup, Capital Region of Denmark, Denmark.",Equities,Allocation,Sparinvest,CPH,XCSE
SPIMIXMINRISKKLA.CO,Sparinvest Mix Minimum Risiko KL A,DKK,"Sparinvest Mix Minimum Risiko KL A is an investment fund that aims to provide investors with a balanced portfolio with a focus on minimizing risk. The fund invests in a mix of asset classes, seeking to generate stable returns while managing downside risk. The fund is managed by Sparinvest and is domiciled in Denmark.",Equities,Allocation,Sparinvest,CPH,XCSE
SPIMLRKLA.CO,Sparinvest Mix Lav Risiko KL,DKK,"Sparinvest Mix Lav Risiko KL is a Danish investment fund designed to provide investors with a balanced portfolio with a low-risk profile. The fund invests in a mix of asset classes, emphasizing capital preservation and stable returns. Sparinvest manages the fund, which is domiciled in Denmark.",Equities,Allocation,Sparinvest,CPH,XCSE
SPIMMRKLA.CO,Sparinvest - Mix Mellem Risiko KL,DKK,"Sparinvest - Mix Mellem Risiko KL is an investment fund based in Denmark that offers a balanced investment strategy with a medium-risk profile. The fund invests in a mix of asset classes, aiming to generate a moderate level of return while managing risk. Sparinvest manages the fund, which is domiciled in Denmark.",Equities,Allocation,Sparinvest,CPH,XCSE
SPINOBKLA.CO,Sparinvest Nye Obligationsmarkeder KL,DKK,"Sparinvest Nye Obligationsmarkeder KL is a fixed income mutual fund launched and managed by ID-Sparinvest, Filial af Sparinvest S.A., Luxembourg. The fund invests in fixed income markets of emerging countries across the globe. It invests in bonds issued by governments or government-owned companies. The fund employs fundamental analysis with bottom-up securities picking approach to create its portfolio. It benchmarks the performance of its portfolio against the JPM EMBI Global Div. It was formerly known as Sparinvest - Nye Obligationsmarkeder. Sparinvest Nye Obligationsmarkeder KL was formed on October 1, 1999 and is domiciled in Denmark.",Fixed Income,Bonds,Sparinvest,CPH,XCSE
SPIUSGKL.CO,Sparinvest INDEX USA Growth KL,DKK,Sparinvest INDEX USA Growth KL is an investment fund that aims to replicate the performance of growth stocks within the United States equity market. The fund seeks to provide investors with exposure to US companies demonstrating strong growth characteristics. The fund is managed by Sparinvest and is based in Denmark.,Equities,Equities,Sparinvest,CPH,XCSE
SPIUSSKL.CO,Sparinvest INDEX USA Small Cap KL,DKK,"Sparinvest INDEX USA Small Cap KL is a Danish investment fund that seeks to track the performance of small-cap companies in the United States equity market. The fund aims to provide investors with exposure to this segment of the US stock market. Sparinvest manages the fund, which is domiciled in Denmark.",Equities,Equities,Sparinvest,CPH,XCSE
SPIUSVKL.CO,Sparinvest INDEX USA Value KL,DKK,"Sparinvest INDEX USA Value KL is an investment fund that aims to replicate the performance of value stocks in the United States equity market. The fund invests in undervalued companies based in the US, seeking to provide investors with exposure to this investment style. The fund is managed by Sparinvest and is based in Denmark.",Equities,Equities,Sparinvest,CPH,XCSE
SPIVAKLA.CO,Sparinvest Value Aktier KL,DKK,"SparInvest Value Aktier KL is an equity mutual fund launched and managed by Sparinvest Fondæglerselskab A/S. It invests in the public equity markets of the Nordic countries, Japan, Southern Europe, the United Kingdom, and North America. The fund invests in stocks of companies operating across diversified sectors. It was formerly known as SparInvest Value Aktier. SparInvest Value Aktier KL is domiciled in Denmark.",Equities,Equities,Sparinvest,CPH,XCSE
SPIVEMKLA.CO,Sparinvest Value Emerging Markets KL,DKK,"Sparinvest Value Emerging Markets KL is headquartered in Taastrup, Capital Region of Denmark, Denmark.",Equities,Equities,Sparinvest,CPH,XCSE
SPIVEUKLA.CO,Sparinvest Value Europa KL,DKK,Sparinvest Valuta Europa KL is an equity fund launched and managed by Egns-Invest. The fund invests in the public equity markets of Germany. It seeks to invest in the stocks of companies operating across diversified sectors. The fund was formerly known as Sparinvest Valuta Europa. Sparinvest Valuta Europa KL is domiciled in Denmark.,Equities,Equities,Sparinvest,CPH,XCSE
SPIVHYKLA.CO,Sparinvest - Value Virksomhedsobligationer Global Højrente Udb. KL,DKK,"Sparinvest - Value Virksomhedsobligationer Global Højrente Udb. KL is headquartered in Taastrup, Capital Region of Denmark, Denmark.",Fixed Income,Bonds,Sparinvest,CPH,XCSE
SPIVHYKORTKLA.CO,Sparinvest Value Virksomhedsobligationer - Global Højrente Kort Løbetid Udb. KL,DKK,"Sparinvest Value Virksomhedsobligationer - Global Højrente Kort Løbetid Udb. KL is headquartered in Taastrup, Capital Region of Denmark, Denmark.",Fixed Income,Bonds,Sparinvest,CPH,XCSE
SPIVIGKLA.CO,Sparinvest - Investment Grade Value Bonds Udb. - All Countries KL,DKK,"Sparinvest - Investment Grade Value Bonds Udb. - All Countries KL is an investment fund that invests in investment-grade corporate bonds from various countries, focusing on bonds with value characteristics. The fund aims to generate income and capital appreciation by investing in a diversified portfolio of undervalued bonds. The fund is managed by Sparinvest and is based in Denmark.",Fixed Income,Bonds,Sparinvest,CPH,XCSE
SPVBEUKL.CO,Sparinvest - Index Sektor Industri Kl,DKK,"Sparinvest - Index Sektor Industri Kl is an investment fund focused on companies within the industrial sector in Europe. The fund aims to track the performance of a specific industrial index, providing investors with exposure to this sector. Sparinvest manages the fund and is based in Denmark.",Equities,Equities,Sparinvest,CPH,XCSE
SPVBUSAKL.CO,Sparinvest - Index Sektor Energi Kl,DKK,"Sparinvest - Index Sektor Energi Kl is an investment fund focusing on companies within the energy sector in the United States. The fund aims to replicate the performance of a specific energy index, offering investors exposure to this market sector. Sparinvest manages the fund and is based in Denmark.",Equities,Equities,Sparinvest,CPH,XCSE
SPVIBGKL.CO,Sparindex INDEX Baeredygtige Global KL,DKK,"Formerly known as Sparindex INDEX Globale Aktier Etik KL. The fund is headquartered in Taastrup, Capital Region of Denmark, Denmark.",Equities,Equities,Sparinvest,CPH,XCSE
SPVIGAKL.CO,Sparinvest INDEX Globale Aktier KL,DKK,"Sparinvest INDEX Globale Aktier KL is a Danish investment fund that seeks to track the performance of global equities. The fund invests in a diversified portfolio of stocks from around the world, aiming to provide investors with broad market exposure. Sparinvest manages the fund, which is based in Denmark.",Equities,Equities,Sparinvest,CPH,XCSE
SPVIGAMRAKL.CO,Sparinvest INDEX Global Aktier Min. Risiko Akk. KL,DKK,"Sparinvest INDEX Global Aktier Min. Risiko Akk. KL is an investment fund that aims to track global equity market performance while minimizing risk. The fund employs a low-volatility strategy, selecting stocks that exhibit lower price fluctuations. Sparinvest manages the fund, which is based in Denmark.",Equities,Equities,Sparinvest,CPH,XCSE
SPVIHRKL.CO,Sparinvest INDEX Høj Risiko KL,DKK,Sparinvest INDEX Høj Risiko KL is an investment fund based in Denmark that pursues a high-risk investment strategy. The fund likely invests in assets with the potential for high returns but also carries a higher risk of losses. Sparinvest manages the fund and is domiciled in Denmark.,Equities,Equities,Sparinvest,CPH,XCSE
SPVILRKL.CO,Sparinvest INDEX Lav Risiko KL,DKK,"Sparinvest INDEX Lav Risiko KL is an investment fund based in Denmark that pursues a low-risk investment strategy. The fund invests in assets with relatively stable returns and seeks to minimize the risk of losses. Sparinvest manages the fund, which is domiciled in Denmark.",Equities,Allocation,Sparinvest,CPH,XCSE
SPVIMRKL.CO,Sparinvest INDEX Mellem Risiko KL,DKK,"Sparinvest INDEX Mellem Risiko KL is an investment fund based in Denmark that employs a medium-risk investment strategy. The fund aims for a balance between returns and risk, investing in a diversified portfolio of assets. Sparinvest manages the fund and is domiciled in Denmark.",Equities,Equities,Sparinvest,CPH,XCSE
SSIBAEURR.CO,Sparinvest SICAV - Balance,EUR,"Sparinvest SICAV - Balance is headquartered in Taastrup, Capital Region of Denmark, Denmark.",Equities,Allocation,Sparinvest,CPH,XCSE
SSIBDKKR.CO,Sparinvest SICAV - Balance,DKK,"Sparinvest SICAV - Balance is headquartered in Taastrup, Capital Region of Denmark, Denmark.",Equities,Allocation,Sparinvest,CPH,XCSE
SSIEEURR.CO,Sparinvest SICAV - Equitas,EUR,"Sparinvest SICAV - Equitas is an open-ended equity mutual fund launched by Sparinvest S.A. The fund is managed by Sparinvest Fondsmaeglerselskab A/S. It invests in the public equity markets across the globe. The fund invests in stocks of companies operating across diversified sectors. It invests in value and momentum stocks of small cap companies. The fund benchmarks the performance of its portfolio against the MSCI World Index. Sparinvest SICAV - Equitas was formed on May 30, 2008 and is domiciled in Luxembourg.",Equities,Equities,Sparinvest,CPH,XCSE
SSIEGVEURR.CO,Sparinvest SICAV - Ethical Global Value,EUR,"Sparinvest SICAV - Ethical Global Value is an open-ended equity mutual fund launched by Sparinvest S.A. The fund is managed by Sparinvest Fondsmaeglerselskab A/S. It invests in the public equity markets across the globe. The fund invests in stocks of companies operating across diversified sectors. It invests in value stocks of companies. The fund employs fundamental analysis, with bottom-up stock picking approach, to create its portfolio. It benchmarks the performance of its portfolio against the MSCI World Index. The fund does not invest in companies with controversial activities, such as production of alcohol, gambling, tobacco, pornography, weapons and companies that do not comply with global
 standards, and most importantly the UN Global Compact and the OECD Guidelines for Multinational Enterprises on Environmental Protection, Human Rights, Labour Standards and Anti-corruption. Sparinvest SICAV - Ethical Global Value was formed on May 30, 2008 and is domiciled in Luxembourg.",Equities,Equities,Sparinvest,CPH,XCSE
SSIEMBEURR.CO,Sparinvest Sicav - Value Bonds - Emerging Markets Corporates Fund,EUR,"Sparinvest Sicav - Value Bonds - Emerging Markets Corporates Fund is headquartered in Luxembourg, Luxembourg.",Fixed Income,Bonds,Sparinvest,CPH,XCSE
SSIEUVEURR.CO,Sparinvest SICAV - European Value,EUR,"Sparinvest SICAV - European Value is an open-ended equity mutual fund launched by Sparinvest S.A. The fund is managed by Sparinvest Fondsmaeglerselskab A/S. It invests in the public equity markets of Europe. The fund invests in stocks of companies operating across diversified sectors. It invests in value stocks of companies. The fund employs fundamental analysis, with bottom-up stock picking approach, to create its portfolio. It benchmarks the performance of its portfolio against the MSCI Europe Index. Sparinvest SICAV - European Value was formed on October 31, 2006 and is domiciled in Luxembourg.",Equities,Equities,Sparinvest,CPH,XCSE
SSIGCBEURR.CO,Sparinvest SICAV Global Convertible Bonds EUR R,EUR,"Sparinvest SICAV Global Convertible Bonds EUR R is a sub-fund of Sparinvest SICAV, an investment fund based in Luxembourg; it invests primarily in a diversified portfolio of global convertible bonds denominated in EUR; the fund aims to provide investors with a combination of income and capital appreciation.",Fixed Income,Bonds,Sparinvest,CPH,XCSE
SSIGEHYDKKRH.CO,Sparinvest SICAV - Value Bonds - Global Ethical High Yield Fund,DKK,"Sparinvest SICAV - Value Bonds - Global Ethical High Yield Fund is headquartered in Luxembourg, Luxembourg.",Fixed Income,Bonds,Sparinvest,CPH,XCSE
SSIGLIGEURR.CO,Sparinvest SICAV - Investment Grade Value Bonds,EUR,"Sparinvest SICAV - Investment Grade Value Bonds is an open ended fixed income mutual fund launched by Sparinvest S.A. The fund is managed by Sparinvest Fondsmaeglerselskab A/S. It invests in fixed income markets. The fund primarily invests in investment grade corporate fixed income transferable securities (i.e. that are rated BBB- or better. It benchmarks the performance of its portfolio against Merrill Lynch Global Broad Market Corporate Index (EUR Hedged). Sparinvest SICAV - Investment Grade Value Bonds was formed on October 31, 2006 and is domiciled in Luxembourg.",Fixed Income,Bonds,Sparinvest,CPH,XCSE
SSIGVEURR.CO,Sparinvest SICAV - Global Value,EUR,"Sparinvest SICAV - Global Value is an open-ended equity mutual fund launched by Sparinvest S.A. The fund is managed by Sparinvest Fondsmaeglerselskab A/S. It invests in the public equity markets across the globe. The fund invests in stocks of companies operating across diversified sectors. It invests in value stocks of companies across all market capitalizations. The fund employs a combination of fundamental and quantitative analysis, with bottom-up stock picking approach, to create its portfolio. It benchmarks the performance of its portfolio against the MSCI World Index. Sparinvest SICAV - Global Value was formed on December 14, 2001 and is domiciled in Luxembourg.",Equities,Equities,Sparinvest,CPH,XCSE
SSILDBDKKR.CO,Sparinvest SICAV - Long Danish Bonds,DKK,"Sparinvest SICAV - Long Danish Bonds is an open ended fixed income mutual fund launched by Sparinvest S.A. The fund is managed by Sparinvest Fondsmaeglerselskab A/S. It invests in fixed income markets of Denmark. The fund primarily invests in DKK denominated long term bonds. It benchmarks the performance of its portfolio against a composite index consisting of 37.5% Nordea CM 5 Govt. + 62.5% Nordea CM 7 Govt. Sparinvest SICAV - Long Danish Bonds was formed on November 28, 2001 and is domiciled in Luxembourg.",Fixed Income,Bonds,Sparinvest,CPH,XCSE
SSIPDKKR.CO,Sparinvest SICAV - Procedo,DKK,"Sparinvest SICAV - Procedo is an open ended balanced mutual fund launched and managed by Sparinvest S.A. It invests in the public equity markets across the globe. The fund invests its equity portion in the value stocks of the small cap companies. It benchmarks the performance of its portfolio against MSCI index. The fund was formerly known as SPARINVEST Asset Allocation SICAV – PROCEDO Fund. Sparinvest SICAV - Procedo was formed on December 14, 2001 and is domiciled in Luxembourg.",,,Sparinvest,CPH,XCSE
SSIPEURR.CO,Sparinvest SICAV - Procedo,EUR,"Sparinvest SICAV - Procedo is an open ended balanced mutual fund launched and managed by Sparinvest S.A. It invests in the public equity markets across the globe. The fund invests its equity portion in the value stocks of the small cap companies. It benchmarks the performance of its portfolio against MSCI index. The fund was formerly known as SPARINVEST Asset Allocation SICAV – PROCEDO Fund. Sparinvest SICAV - Procedo was formed on December 14, 2001 and is domiciled in Luxembourg.",,,Sparinvest,CPH,XCSE
SSISDKKR.CO,Sparinvest SICAV - Securus,DKK,"Sparinvest SICAV - Securus is headquartered in San Diego, California.",,,Sparinvest,CPH,XCSE
SSISEURR.CO,Sparinvest SICAV - Securus,EUR,"Sparinvest SICAV - Securus is headquartered in San Diego, California.",,,Sparinvest,CPH,XCSE
SYIEULVADKK.CO,Sydinvest Europa Ligevaegt & Value KL,DKK,"Sydinvest Europa Ligevægt & Value KL is headquartered in Aabenraa, Denmark.",Equities,Equities,Sydinvest,CPH,XCSE
SYIFJEADKK.CO,Sydinvest Fjernosten KL,DKK,"Sydinvest Fjernøsten KL is headquartered in Aabenraa, Region of Southern Denmark, Denmark.",,,Sydinvest,CPH,XCSE
SYIGEAADKK.CO,Sydinvest Globale EM-Aktier KL,DKK,"Sydinvest Globale EM-Aktier KL is headquartered in Aabenraa, Denmark.",Equities,Equities,Sydinvest,CPH,XCSE
SYITYSKADKK.CO,Sydinvest Tyskland KL,DKK,Sydinvest Tyskland KL is an open ended equity mutual fund launched and managed by Investeringsforeningen Sydinvest. The fund invests in the public equity markets of the BRIC region. It was formerly known as Syd Invest Tyskland. Sydinvest Tyskland KL is domiciled in Denmark.,,,Sydinvest,CPH,XCSE
SYIULVADKK.CO,Sydinvest - USA Ligevaegt & Value,DKK,"Sydinvest - USA Ligevægt & Value is headquartered in Aabenraa, Region of Southern Denmark, Denmark.",Equities,Equities,Sydinvest,CPH,XCSE
VAIGAKA.CO,ValueInvest Global Akk KL,DKK,"ValueInvest Global Akk KL is headquartered in Luxembourg, Luxembourg.",Equities,Equities,ValueInvest,CPH,XCSE
VAIGLOA.CO,ValueInvest Global KL,DKK,"ValueInvest Global is an open-ended equity mutual fund launched by Investeringsforeningen ValueInvest Danmark. The fund is managed by ValueInvest Asset Management S.A. It invests in public equity markets across the globe. The fund seeks to invest in value stocks of large cap companies. ValueInvest Global was formed on July 15, 1998 and is domiciled in Denmark.",Equities,Equities,ValueInvest,CPH,XCSE
VAIJAPA.CO,ValueInvest Japan KL,DKK,"ValueInvest Japan is an open-ended equity mutual fund launched by Investeringsforeningen ValueInvest Danmark. The fund is managed by ValueInvest Asset Management S.A. It invests in public equity markets in Japan. The fund seeks to invest in value stocks of all cap companies. ValueInvest Japan was formed on July 20, 1998 and is domiciled in Denmark.",Equities,Equities,ValueInvest,CPH,XCSE
