feed_industry,industry
Accident &Health Insurance,Insurance
Advertising,Media
Aerospace,Aerospace & Defense
Agricultural Chemicals,Chemicals
Aluminum,Metals & Mining
Apparel,"Textiles, Apparel & Luxury Goods"
Assisted Living Services,Health Care Providers & Services
Auto & Home Supply Stores,Specialty Retail
Auto Manufacturing,Automobiles
Auto Parts:O.E.M.,Auto Components
Automotive Aftermarket,Auto Components
Banks,Banks
Beverages (Production/Distribution),Beverages
Beverages - Non-Alcoholic,Beverages
Biotechnology: Biological Products (No Diagnostic Substances),Biotechnology
Biotechnology: Commercial Physical & Biological Resarch,Biotechnology
Biotechnology: Electromedical & Electrotherapeutic Apparatus,Health Care Equipment & Supplies
Biotechnology: In Vitro & In Vivo Diagnostic Substances,Biotechnology
Biotechnology: Laboratory Analytical Instruments,Life Sciences Tools & Services
Biotechnology: Pharmaceutical Preparations,Biotechnology
Blank Checks,Diversified Financial Services
Books,Media
Broadcasting,Media
Building Materials,Construction Materials
Building operators,Real Estate Management & Development
Building Products,Building Products
Cable & Other Pay Television Services,Media
Catalog/Specialty Distribution,Internet & Direct Marketing Retail
Clothing/Shoe/Accessory Stores,Specialty Retail
Coal Mining,"Oil, Gas & Consumable Fuels"
Commercial Banks,Banks
Computer Communications Equipment,Communications Equipment
Computer Manufacturing,"Technology Hardware, Storage & Peripherals"
Computer peripheral equipment,"Technology Hardware, Storage & Peripherals"
Computer Software: Prepackaged Software,Software
Construction/Ag Equipment/Trucks,Machinery
Consumer Electronics/Appliances,Household Durables
Consumer Electronics/Video Chains,Specialty Retail
Containers/Packaging,Containers & Packaging
Department/Specialty Retail Stores,Multiline Retail
Diversified Commercial Services,Commercial Services & Supplies
Diversified Financial Services,Diversified Financial Services
Diversified Manufacture,Industrial Conglomerates
EDP Services,Software
Electric Utilities: Central,Electric Utilities
Electrical Products,Electrical Equipment
Electronic Components,"Electronic Equipment, Instruments & Components"
Electronics Distribution,"Electronic Equipment, Instruments & Components"
Engineering & Construction,Construction & Engineering
Environmental Services,Commercial Services & Supplies
Farming/Seeds/Milling,Food Products
Finance Companies,Capital Markets
Finance/Investors Services,Capital Markets
Finance: Consumer Services,Consumer Finance
Fluid Controls,Machinery
Food Chains,Food & Staples Retailing
Food Distributors,Food & Staples Retailing
Forest Products,Paper & Forest Products
Garments and Clothing,"Textiles, Apparel & Luxury Goods"
General Bldg Contractors - Nonresidential Bldgs,Construction & Engineering
Home Furnishings,Household Durables
Homebuilding,Household Durables
Hospital/Nursing Management,Health Care Providers & Services
Hotels/Resorts,"Hotels, Restaurants & Leisure"
Industrial Machinery/Components,Machinery
Integrated Freight & Logistics,Air Freight & Logistics
Integrated oil Companies,"Oil, Gas & Consumable Fuels"
Interactive Media,Interactive Media & Services
Internet and Information Services,Interactive Media & Services
Investment Bankers/Brokers/Service,Capital Markets
Investment Managers,Capital Markets
Life Insurance,Insurance
Major Banks,Banks
Major Chemicals,Chemicals
Managed Health Care,Health Care Providers & Services
Marine Transportation,Marine
Meat/Poultry/Fish,Food Products
Medical Electronics,Health Care Equipment & Supplies
Medical/Dental Instruments,Health Care Equipment & Supplies
Medical/Nursing Services,Health Care Providers & Services
Medicinal Chemicals and Botanical Products,Pharmaceuticals
 Medicinal Chemicals and Botanical Products,Pharmaceuticals
Metal Fabrications,Machinery
Metal Mining,Metals & Mining
Military/Government/Technical,Aerospace & Defense
Misc Health and Biotechnology Services,Health Care Providers & Services
Motor Vehicles,Automobiles
Movies/Entertainment,Entertainment
Natural Gas Distribution,Gas Utilities
Newspapers/Magazines,Media
Office Equipment/Supplies/Services,Commercial Services & Supplies
Oil & Gas Production,"Oil, Gas & Consumable Fuels"
Oil and Gas Field Machinery,Energy Equipment & Services
Oil Refining/Marketing,"Oil, Gas & Consumable Fuels"
Oil/Gas Transmission,"Oil, Gas & Consumable Fuels"
Oilfield Services/Equipment,Energy Equipment & Services
Ophthalmic Goods,Health Care Equipment & Supplies
Ordnance And Accessories,Aerospace & Defense
Other Consumer Services,Diversified Consumer Services
Other Metals and Minerals,Metals & Mining
Other Pharmaceuticals,Pharmaceuticals
Other Specialty Stores,Specialty Retail
Package Goods/Cosmetics,Household Products
Packaged Foods,Food Products
Paints/Coatings,Chemicals
Paper,Paper & Forest Products
Pollution Control Equipment,Machinery
Power Generation,Electric Utilities
Precious Metals,Metals & Mining
Precision Instruments,"Electronic Equipment, Instruments & Components"
Professional Services,Professional Services
Property-Casualty Insurers,Insurance
Publishing,Media
Radio And Television Broadcasting And Communications Equipment,Communications Equipment
Railroads,Road & Rail
Real Estate,Real Estate Management & Development
Real Estate Investment Trusts,Equity Real Estate Investment Trusts (REITs)
Recreational Games/Products/Toys,Leisure Products
Restaurants,"Hotels, Restaurants & Leisure"
Retail-Auto Dealers and Gas Stations,Specialty Retail
Retail-Drug Stores and Proprietary Stores,Food & Staples Retailing
RETAIL: Building Materials,Specialty Retail
Savings Institutions,Banks
Security Systems Services,Commercial Services & Supplies
Semiconductors,Semiconductors & Semiconductor Equipment
Services-Misc. Amusement & Recreation,"Hotels, Restaurants & Leisure"
Shoe Manufacturing,"Textiles, Apparel & Luxury Goods"
Specialty Chemicals,Chemicals
Specialty Foods,Food Products
Specialty Insurers,Insurance
Steel/Iron Ore,Metals & Mining
Telecommunications Equipment,Communications Equipment
Textiles,"Textiles, Apparel & Luxury Goods"
Tobacco,Tobacco
Tools/Hardware,Machinery
Trucking Freight/Courier Services,Road & Rail
Trusts Except Educational Religious and Charitable,Capital Markets
Water Sewer Pipeline Comm & Power Line Construction,Construction & Engineering
Water Supply,Water Utilities
Wholesale Distributors,Trading Companies & Distributors
