symbol,name,currency,summary,category_group,category,family,exchange,mic,isin,delisted
AGATF,DB Agriculture Double Short ETN,USD,,Derivatives,Trading,,PNK,OTCM,,True
AVGG,Leverage Shares 2X Long AVGO Daily ETF,USD,"Leverage Shares 2X Long AVGO Daily ETF is an actively managed leveraged exchange-traded fund that seeks daily investment results, before fees and expenses, of two times (200%) the daily percentage change in the price of Broadcom Inc. (AVGO) common stock. The fund invests at least 80% of its net assets, plus any borrowings for investment purposes, in financial instruments that, in combination, provide 200% daily leveraged exposure to the price of AVGO common stock. The fund rebalances daily to maintain its target leverage ratio and is designed for sophisticated investors pursuing short-term trading strategies, since daily rebalancing can cause returns to diverge significantly from the underlying stock's performance over longer holding periods.",Derivatives,Trading,Leverage Shares,PNK,OTCM,US8829274377,False
AYTEF,iPath GEMS Asia 8 ETN,USD,,Equities,,,PNK,OTCM,,False
BALTF,iPath Bloomberg Cotton Subindex Total Return(SM) ETN,USD,iPath Bloomberg Cotton Subindex Total Return(SM) ETN is an exchange-traded note providing exposure to the Bloomberg Cotton Subindex Total Return. The ETN tracks the performance of a single commodity futures contract. It offers investors a way to gain exposure to the cotton market.,Equities,,,PNK,OTCM,,True
BKISF,iShares IV Public Limited Company - iShares US Mortgage Backed Securities UCITS ETF,USD,"iShares IV Public Limited Company - iShares US Mortgage Backed Securities UCITS ETF is an exchange-traded fund that seeks to track the performance of an index composed of U.S. dollar-denominated, fixed-rate mortgage-backed securities. These securities are issued by U.S. agencies. The ETF provides investors with exposure to the U.S. mortgage-backed securities market.",Fixed Income,Investment Grade Bonds,BlackRock Asset Management,PNK,OTCM,,False
BKKCF,BLOCKCHAIN TECHNOLOGIES ETF UNI,USD,,,,,PNK,OTCM,,False
BNKSF,ISHARES V PLC S&P US BANKS UCIT,USD,"ISHARES V PLC S&P US BANKS UCIT is an exchange-traded fund (ETF). It aims to track the performance of the S&P US Banks Index. The fund invests in publicly traded companies within the U.S. banking sector, providing exposure to this specific industry.",Financials,,BlackRock Asset Management,PNK,OTCM,,False
BOMMF,DB Base Metals Double Short ETN,USD,"The DB Base Metals Double Short ETN is an exchange-traded note that seeks to provide inverse exposure to an index of base metals futures contracts. The ETN is designed to provide two times the inverse of the daily performance of the underlying index. Due to its leveraged and inverse nature, it is typically used for short-term trading strategies.",Derivatives,Trading,,PNK,OTCM,,False
BWVTF,iPath CBOE S&P 500 BuyWrite Index(SM) ETN,USD,iPath CBOE S&P 500 BuyWrite Index ETN is an exchange-traded note (ETN) that tracks the performance of the CBOE S&P 500 BuyWrite Index. The index is designed to simulate a strategy of buying the stocks in the S&P 500 index and selling call options on that portfolio. The ETN provides investors with exposure to this strategy.,Derivatives,,,PNK,OTCM,,True
CETFF,iShares VII Public Limited Company - iShares MSCI EM Asia UCITS ETF,USD,,Equities,,BlackRock Asset Management,PNK,OTCM,,False
CGBLF,iShares Gold Bullion ETF (CAD-Hedged),USD,"The investment seeks to replicate, net of expenses, the price of gold bullion.
 The fund invests assets in holdings of unencumbered gold bullion, in 100 or 400 troy ounce international bar sizes, and will not speculate with regard to short-term changes in gold prices. It may also utilize forward contracts relating to the currency hedge.",Commodities,,BlackRock Asset Management,PNK,OTCM,,False
CHMCF,ChinaAMC ETF Series - ChinaAMC CSI 300 Index ETF,USD,,Equities,Emerging Markets,,PNK,OTCM,HK0000123577,False
COWTF,iPath Bloomberg Livestock Subindex Total Return(SM) ETN,USD,iPath Bloomberg Livestock Subindex Total Return(SM) ETN is an exchange-traded note designed to track the Bloomberg Livestock Subindex Total Return. The index reflects the returns that are potentially available through an unleveraged investment in futures contracts on livestock. The ETN provides exposure to lean hogs and live cattle futures.,Equities,,,PNK,OTCM,,True
CPLCF,iShares VII Public Limited Company - iShares MSCI USA Small Cap UCITS ETF,USD,"iShares VII Public Limited Company - iShares MSCI USA Small Cap UCITS ETF is an exchange traded fund (ETF) managed by BlackRock. It aims to track the investment results of the MSCI USA Small Cap Index, providing exposure to small cap companies in the US equity market. The ETF is domiciled in Ireland.",Equities,Small Cap,BlackRock Asset Management,PNK,OTCM,,False
CPTFF,Xtrackers (IE) Public Limited Company - Xtrackers S&P 500 Equal Weight UCITS ETF,USD,"Xtrackers (IE) Public Limited Company - Xtrackers S&P 500 Equal Weight UCITS ETF is an exchange traded fund (ETF) managed by DWS Investment S.A.. The ETF seeks to track the performance of the S&P 500 Equal Weight Index, which provides exposure to the S&P 500 companies, but with each company allocated the same weight, which gives a different risk/return profile than the market cap weighted S&P 500 index. The ETF is domiciled in Ireland.",Equities,Factors,DWS Investment,PNK,OTCM,,False
DAGXF,DB Agriculture Double Long ETN,USD,,,,,PNK,OTCM,,False
DBGCF,DB ETC plc - db Physical Gold ETC,USD,"DB ETC plc - db Physical Gold ETC is an exchange-traded commodity (ETC) that provides investors with exposure to physical gold. The ETC is backed by physical gold bullion held in vaults. DB ETC plc is the issuer, offering a way to invest in gold without directly owning the metal.",Commodities,,Deutsche Bank Asset Management,PNK,OTCM,,False
DBSHF,DB ETC PLC,USD,,,,,PNK,OTCM,,False
DBXRF,Xtrackers - MSCI Japan UCITS ETF,USD,"This Xtrackers ETF aims to replicate the performance of the MSCI Japan Index, providing exposure to the Japanese equity market. The fund allows investors to participate in the growth of Japanese companies across various sectors. The ETF is UCITS compliant.",Equities,,Xtrackers,PNK,OTCM,,False
DGLDF,VelocityShares 3x Inverse Gold ETN Linked to the S&P GSCI Gold Index ER,USD,"The investment seeks to replicate, net of expenses, three times the opposite (inverse) of the S&P GSCI Gold index ER.
 The index comprises futures contracts on a single commodity. The fluctuations in the values of it are intended generally to correlate with changes in the price of gold in global markets.",Derivatives,Trading,VelocityShares,PNK,OTCM,,False
DSLVF,VelocityShares 3x Inverse Silver ETN Linked to the S&P GSCI Silver Index ER,USD,"The investment seeks to replicate, net of expenses, three times the opposite (inverse) of the S&P GSCI Silver index ER.
 The index comprises futures contracts on a single commodity. The fluctuations in the values of it are intended generally to correlate with changes in the price of silver in global markets.",Derivatives,Trading,Credit Suisse Asset Management,PNK,OTCM,,False
DYYXF,DB Commodity Double Long ETN,USD,,,,,PNK,OTCM,,False
EAUSF,ETFS Metal Securities Australia Limited REDEEMABLE PREF,USD,,,,,PNK,OTCM,,False
EFFDF,LEGAL & GENERAL UCITS ETF PLC,USD,,,,,PNK,OTCM,,False
EFMSF,ETFS Metal Securities Limited - ETFS Physical Gold,USD,"ETFS Physical Gold is an exchange-traded commodity, designed to offer investors a simple, cost-efficient and secure way to access the gold market by holding physical gold bullion. Each security is backed by physical gold held in allocated storage, offering a direct link to the spot price of gold. The company is based in Jersey.",Commodities,,Gold Bullion Securities,PNK,OTCM,,False
EFNCF,LEGAL & GENERAL UCITS ETF PLC,USD,,,,,PNK,OTCM,,False
EMALF,ETFS Metal Securities Limited - ETFS Physical PM Basket,USD,This is the ETFS Metal Securities Limited - ETFS Physical PM Basket. It is an exchange-traded commodity (ETC) that provides exposure to a basket of physical precious metals. The ETC is issued by ETFS Metal Securities Limited and offers a way to invest in precious metals.,Commodities,,,PNK,OTCM,,False
EROTF,iPath EUR/USD Exchange Rate ETN,USD,The iPath EUR/USD Exchange Rate ETN was an exchange-traded note designed to provide investors with exposure to the performance of the EUR/USD exchange rate. The ETN's return was linked to the movement of the euro against the U.S. dollar. The ETN is no longer trading as it was delisted.,,,,PNK,OTCM,,True
ETCG,Grayscale Ethereum Classic Trust (ETC),USD,"Grayscale Ethereum Classic Trust (ETC) is a digital asset investment product that enables investors to gain exposure to Ethereum Classic (ETC) in the form of a security without the challenges of directly buying, storing, and safekeeping ETC. The trust is managed by Grayscale Investments, LLC. The trust is based in the United States.",Equities,,,PNK,OTCM,US38963Q1076,False
ETMLF,ETFS Metal Securities Limited - ETFS Physical Silver,USD,"ETFS Metal Securities Limited - ETFS Physical Silver provides investors with a simple, secure, and transparent way to access the silver market. The ETFS holds physical silver bullion, providing a direct exposure to the metal's price movements. The issuer, ETFS Metal Securities Limited, is based in Jersey.",Commodities,,,PNK,OTCM,,False
FTCPF,First Trust Global Funds Plc - First Trust Capital Strength Ucits ETF,USD,"First Trust Global Funds Plc - First Trust Capital Strength Ucits ETF is an exchange-traded fund (ETF) designed to track the performance of companies with strong capital positions. The ETF focuses on companies exhibiting financial strength and stability, aiming to provide investors with exposure to relatively resilient businesses. First Trust Global Funds Plc is based in Ireland.",Financials,,First Trust Advisors,PNK,OTCM,,False
FTDPF,First Trust Global Funds Public Limited Company - First Trust Eurozone AlphaDEX UCITS ETF,USD,,,,,PNK,OTCM,,False
FUCIF,FIRST TRUST GLOBAL FUNDS PLC VA,USD,,,,,PNK,OTCM,,False
FYXGF,First Trust Global Funds Public Limited Company - First Trust US Small Cap Core AlphaDEX UCITS ETF,USD,,,,,PNK,OTCM,,False
GAZZF,iPath Bloomberg Natural Gas SubTR ETN,USD,The iPath Bloomberg Natural Gas Subindex Total Return ETN (GAZZF) is an exchange-traded note designed to provide exposure to the Bloomberg Natural Gas Subindex Total Return. The ETN tracks the performance of front-month NYMEX natural gas futures contracts.,,,,PNK,OTCM,,True
GBBEF,iPath GBP/USD Exchange Rate ETN,USD,"iPath GBP/USD Exchange Rate ETN provides exposure to the exchange rate between the British pound and the US dollar. The ETN is designed to track the performance of the GBP/USD exchange rate, allowing investors to potentially profit from currency fluctuations. It offers a simple way to participate in the foreign exchange market.",,,,PNK,OTCM,,True
GCEC,Clarymore CEF GS Connect ETN,USD,,Equities,,,PNK,OTCM,US3622731046,False
GDLC,Grayscale Digital Large Cap Fund LLC,USD,"Grayscale Digital Large Cap Fund LLC provides exposure to a basket of large-cap digital currencies. The fund aims to reflect the performance of the CoinDesk Digital Large Cap Index. Grayscale Investments is headquartered in Stamford, CT.",Alternatives,Alternative,,PNK,OTCM,KYG407051088,False
GHYCF,iShares Public Limited Company - iShares Global High Yield Corp Bond UCITS ETF,USD,The iShares Global High Yield Corp Bond UCITS ETF is an exchange-traded fund designed to track the performance of an index composed of global high-yield corporate bonds. The ETF provides investors with exposure to a diversified portfolio of sub-investment grade corporate debt from around the world. The fund is managed by BlackRock and domiciled in Ireland.,Fixed Income,High Yield Bonds,BlackRock Asset Management,PNK,OTCM,,False
GRNTF,iPath Global Carbon ETN,USD,,,,,PNK,OTCM,,False
GSCE,BNPP E Energy & Metals EnhRoll ETF EUR C,USD,,Commodities,,BNP Paribas Asset Management,PNK,OTCM,US38144L8524,False
HBNNF,BetaPro Natural Gas Inverse Leveraged Daily Bear ETF,USD,"BetaPro Natural Gas Inverse Leveraged Daily Bear ETF is an exchange traded fund launched and managed by Horizons ETFs Management (Canada) Inc. The fund invests in the commodity markets. It takes short positions and uses derivatives like futures to invest in natural gas. The fund seeks to track twice the inverse of the daily performance of the Horizons Natural Gas Rolling Futures Index. BetaPro Natural Gas Inverse Leveraged Daily Bear ETF was formed on January 15, 2008 and is domiciled in Canada.",Derivatives,Trading,,PNK,OTCM,,False
HMLSF,Horizons Marijuana Life Sciences Index ETF,USD,"The Horizons Marijuana Life Sciences Index ETF (HMLSF) seeks to replicate, to the extent possible, the performance of the North American Marijuana Index, net of expenses. This ETF provides exposure to North American publicly listed life sciences companies in the marijuana industry. Horizons ETFs Management (Canada) Inc. manages the fund, which is designed for investors seeking exposure to the cannabis sector.",Equities,Developed Markets,Horizons ETFs Management,PNK,OTCM,CA37991D1042,False
HNUZF,BetaPro Natural Gas Leveraged Daily Bull ETF,USD,"BetaPro Natural Gas Leveraged Daily Bull ETF is an exchange traded fund launched and managed by Horizons ETFs Management (Canada) Inc. The fund invests in the commodity markets. It takes long positions and uses derivatives such as futures to invest in natural gas. The fund seeks to track twice the daily performance of the Horizons Natural Gas Rolling Futures Index. BetaPro Natural Gas Leveraged Daily Bull ETF was formed on January 15, 2008 and is domiciled in Canada.",Derivatives,Trading,,PNK,OTCM,,False
HPSYF,Horizons Psychedelic Stock Index ETF,USD,"The Horizons Psychedelic Stock Index ETF is designed to provide investment exposure to companies involved in the psychedelics industry. The ETF tracks the performance of the North American Psychedelics Index, net of expenses. This index includes companies engaged in legal psychedelic drugs, medical cannabis, and hemp.",Equities,,Horizons ETFs Management,PNK,OTCM,,False
HZNSF,BetaPro Canadian Gold Miners 2x Daily Bull ETF,USD,"BetaPro Canadian Gold Miners 2x Daily Bull ETF is an exchange traded fund launched and managed by Horizons ETFs Management (Canada) Inc. It invests in public equity markets of Canada. The fund invests through derivatives in stocks of companies operating across materials, metals and mining, gold sectors. The fund uses derivatives such as forwards to create its portfolio. It invests in growth and value stocks of companies across diversified market capitalization. The fund seeks to track 2x the daily performance of the Solactive Canadian Gold Miners Index. BetaPro Canadian Gold Miners 2x Daily Bull ETF was formed on June 4, 2007 and is domiciled in Canada.",Derivatives,Trading,,PNK,OTCM,,False
HZOZF,BetaPro Crude Oil Leveraged Daily Bull ETF,USD,"BetaPro Crude Oil Leveraged Daily Bull ETF is an exchange traded fund launched and managed by Horizons ETFs Management (Canada) Inc. The fund invests in the commodity markets. It takes long positions and uses derivatives such as futures to invest in light sweet crude oil. The fund seeks to track twice the daily performance of the Horizons Crude Oil Rolling Futures Index. BetaPro Crude Oil Leveraged Daily Bull ETF was formed on January 15, 2008 and is domiciled in Canada.",Derivatives,Trading,,PNK,OTCM,,False
HZTVF,Horizons Active Ultra-Short Term US Investment Grade Bond ETF,USD,"Horizons Active Ultra-Short Term US Investment Grade Bond ETF is an exchange traded fund launched and managed by Horizons ETFs Management (Canada) Inc. It is co-managed by Fiera Capital Corporation. The fund invests in the fixed income markets of the United States. It uses derivatives like swaps to invest in short-term floating rate corporate debt securities. The fund seeks to maintain a portfolio duration of less than two years. It employs fundamental analysis to create its portfolio. The fund benchmarks the performance of its portfolio against the 6-Month U.S. T-Bill Yield. Horizons Active Ultra-Short Term US Investment Grade Bond ETF was formed on February 14, 2012 and is domiciled in Canada.",Fixed Income,Corporate Bonds,Horizons ETFs Management,PNK,OTCM,,False
ICITF,iPath Optimized Currency Carry ETN,USD,,Equities,,,PNK,OTCM,,True
IDOWF,iShares VII Public Limited Company - iShares Dow Jones Industrial Average UCITS ETF,USD,,,,BlackRock Asset Management,PNK,OTCM,,False
IEMIF,iShares Public Limited Company - iShares Core MSCI EM IMI UCITS ETF,USD,"The iShares Core MSCI EM IMI UCITS ETF aims to track the investment results of the MSCI Emerging Markets Investable Market Index (IMI). This ETF provides comprehensive coverage of emerging market equities, including large, mid, and small-cap companies. iShares is a brand of BlackRock, a global investment management corporation headquartered in New York City.",Equities,,BlackRock Asset Management,PNK,OTCM,,False
IEMWF,iShares IV Public Limited Company - iShares Edge MSCI World Size Factor UCITS ETF,USD,"The iShares Edge MSCI World Size Factor UCITS ETF seeks to track the investment results of an index composed of global equities exhibiting a relatively small size exposure. It provides investors with exposure to companies with smaller market capitalizations across developed markets. iShares is managed by BlackRock, headquartered in New York City.",Equities,Factors,BlackRock Asset Management,PNK,OTCM,,False
IHCNF,iShares VII Public Limited Company - iShares MSCI Canada UCITS ETF,USD,iShares VII Public Limited Company - iShares MSCI Canada UCITS ETF seeks to track the investment results of an index composed of Canadian equities. It provides exposure to a broad range of companies listed on Canadian stock exchanges. The ETF is managed by BlackRock and domiciled in Ireland.,Equities,,BlackRock Asset Management,PNK,OTCM,,False
IHEMF,iShares IV Public Limited Company - iShares Edge MSCI Europe Multifactor UCITS ETF,USD,"iShares IV Public Limited Company - iShares Edge MSCI Europe Multifactor UCITS ETF seeks to track the investment results of an index composed of European equities exhibiting favorable exposure to multiple factors, such as value, quality, momentum, and size. It provides exposure to a diversified portfolio of European companies selected based on these factors. The ETF is managed by BlackRock and domiciled in Ireland.",Equities,Factors,BlackRock Asset Management,PNK,OTCM,,False
IHRMF,iShares Public Limited Company - iShares MSCI Japan UCITS ETF USD (Dist),USD,iShares Public Limited Company - iShares MSCI Japan UCITS ETF USD (Dist) seeks to track the investment results of an index composed of Japanese equities. It provides exposure to a broad range of companies listed on Japanese stock exchanges. The ETF is managed by BlackRock and domiciled in Ireland.,Equities,Developed Markets,BlackRock Asset Management,PNK,OTCM,IE00B02KXH56,False
IHSFF,iShares II Public Limited Company - iShares $ TIPS UCITS ETF,USD,iShares II Public Limited Company - iShares $ TIPS UCITS ETF seeks to track the investment results of an index composed of US Treasury Inflation Protected Securities (TIPS). It provides exposure to US government bonds that are designed to protect investors from inflation. The ETF is managed by BlackRock and domiciled in Ireland.,Fixed Income,Inflation-Protected Securities,BlackRock Asset Management,PNK,OTCM,,False
IIVPF,iShares IV Public Limited Company - iShares Automation & Robotics UCITS ETF,USD,"iShares IV Public Limited Company - iShares Automation & Robotics UCITS ETF seeks to track the investment results of an index composed of developed and emerging market companies involved in the automation and robotics industry. It provides exposure to companies that design, manufacture, and distribute robots and automation technologies. The ETF is managed by BlackRock and domiciled in Ireland.",Information Technology,,BlackRock Asset Management,PNK,OTCM,,False
IMKXF,Invesco Markets II plc - Invesco Preferred Shares UCITS ETF,USD,Invesco Markets II plc - Invesco Preferred Shares UCITS ETF seeks to track the investment results of an index composed of preferred shares. Preferred shares are a hybrid security with characteristics of both debt and equity. The ETF is managed by Invesco and domiciled in Ireland.,Financials,,Invesco Investment Management,PNK,OTCM,,False
IMPPF,Invesco Markets II plc - Invesco Preferred Shares UCITS ETF,USD,Invesco Markets II plc - Invesco Preferred Shares UCITS ETF seeks to track the investment results of an index composed of preferred shares. Preferred shares are a hybrid security with characteristics of both debt and equity. The ETF is managed by Invesco and domiciled in Ireland.,Financials,,Invesco Investment Management,PNK,OTCM,,False
IMSBF,ISHARES V PLC S&P500 CNSMR STAP,USD,"ISHARES V PLC S&P500 CNSMR STAP seeks to track the investment results of an index composed of US consumer staples companies. It provides exposure to companies involved in the food, beverage, household goods, and personal care industries. The ETF is managed by BlackRock and domiciled in Ireland.",Equities,,BlackRock Asset Management,PNK,OTCM,,False
IMSIF,iShares II Public Limited Company - iShares Global Clean Energy UCITS ETF,USD,"iShares II Public Limited Company - iShares Global Clean Energy UCITS ETF seeks to track the investment results of an index composed of global equities in the clean energy sector. It provides exposure to companies involved in renewable energy production, energy efficiency, and related technologies. The ETF is managed by BlackRock and domiciled in Ireland.",Energy,,BlackRock Asset Management,PNK,OTCM,,False
IMSXF,iShares V Public Limited Company - iShares S&P 500 Industrials Sector UCITS ETF,USD,"iShares V Public Limited Company - iShares S&P 500 Industrials Sector UCITS ETF seeks to track the investment results of an index composed of US industrial companies. It provides exposure to companies involved in aerospace & defense, construction, machinery, and transportation. The ETF is managed by BlackRock and domiciled in Ireland.",Industrials,,BlackRock Asset Management,PNK,OTCM,,False
INQQF,ISHARES NASDAQ 100 INDEX ETF CA,USD,ISHARES NASDAQ 100 INDEX ETF CA seeks to track the investment results of an index composed of the 100 largest non-financial companies listed on the NASDAQ stock exchange. It offers exposure to leading technology and growth companies in the US. The ETF is managed by BlackRock and domiciled in Canada.,Equities,,BlackRock Asset Management,PNK,OTCM,,False
ISACF,ISHARES III PLC CORE MSCI EUROP,USD,"ISHARES III PLC CORE MSCI EUROP is an exchange-traded fund (ETF) that aims to track the performance of the MSCI Europe Index, providing investors with broad exposure to the European equity market. The fund invests in a diversified portfolio of stocks of companies located in Europe, reflecting the composition of the underlying index. iShares is a brand of BlackRock.",Equities,,BlackRock Asset Management,PNK,OTCM,,False
ISCRF,iShares Public Limited Company - iShares Global Corp Bond UCITS ETF,USD,"The iShares Global Corp Bond UCITS ETF, managed by iShares Public Limited Company, seeks to track the investment results of an index composed of investment-grade corporate bonds from around the world. This ETF offers exposure to a broad range of global corporate debt, providing diversification in a single investment. The fund is domiciled in Ireland.",Fixed Income,Corporate Bonds,BlackRock Asset Management,PNK,OTCM,,False
ISDDF,iShares IV Public Limited Company - iShares $ Short Duration High Yield Corporate Bond UCITS ETF,USD,"The iShares $ Short Duration High Yield Corporate Bond UCITS ETF, managed by iShares IV Public Limited Company, aims to track the investment results of an index composed of U.S. dollar-denominated, high yield corporate bonds with a relatively short maturity. The ETF provides exposure to high-yield corporate debt with a focus on managing interest rate risk. The fund is domiciled in Ireland.",Fixed Income,High Yield Bonds,BlackRock Asset Management,PNK,OTCM,,False
ISDMF,iShares II Public Limited Company - iShares Developed Markets Property Yield UCITS ETF,USD,"The iShares Developed Markets Property Yield UCITS ETF, managed by iShares II Public Limited Company, seeks to track the investment results of an index composed of real estate companies and REITS in developed markets, offering a high dividend yield. The ETF provides exposure to the property sector in developed countries, generating income for investors. The fund is domiciled in Ireland.",Real Estate,REITs,BlackRock Asset Management,PNK,OTCM,,False
ISELF,ISHARES IV PLC ELECTRIC VEHICLE,USD,"ISHARES IV PLC ELECTRIC VEHICLE is an exchange-traded fund (ETF) that aims to track the investment results of an index composed of companies involved in the electric vehicle industry. The fund provides investors with exposure to companies that manufacture electric vehicles, batteries, and related components. iShares is a brand of BlackRock.",Consumer Discretionary,Developed Markets,BlackRock Asset Management,PNK,OTCM,,False
ISGAF,iShares III Public Limited Company - iShares Global Aggregate Bond UCITS ETF,USD,"The iShares Global Aggregate Bond UCITS ETF, managed by iShares III Public Limited Company, seeks to track the investment results of an index composed of investment-grade government and corporate bonds from around the world. This ETF offers broad exposure to the global investment-grade fixed-income market, providing diversification in a single investment. The fund is domiciled in Ireland.",Fixed Income,Investment Grade Bonds,BlackRock Asset Management,PNK,OTCM,,False
ISHVF,iShares II Public Limited Company - iShares US Aggregate Bond UCITS ETF,USD,"The iShares US Aggregate Bond UCITS ETF, managed by iShares II Public Limited Company, seeks to track the investment results of an index composed of US dollar-denominated investment-grade bonds. The ETF offers broad exposure to the US investment-grade fixed-income market. The fund is domiciled in Ireland.",Fixed Income,Investment Grade Bonds,BlackRock Asset Management,PNK,OTCM,,False
ISPHF,iShares Physical Metals plc - iShares Physical Silver ETC,USD,"The iShares Physical Silver ETC, managed by iShares Physical Metals plc, provides investors with exposure to physical silver by holding silver bullion. The ETC is designed to offer a simple and cost-effective way to invest in silver. The fund is domiciled in Ireland.",Commodities,,BlackRock Asset Management,PNK,OTCM,,False
ISRPF,iShares Public Limited Company - iShares $ Corp Bond UCITS ETF,USD,"The iShares $ Corp Bond UCITS ETF, managed by iShares Public Limited Company, seeks to track the investment results of an index composed of U.S. dollar-denominated investment-grade corporate bonds. This ETF provides exposure to a broad range of US corporate debt, offering diversification in a single investment. The fund is domiciled in Ireland.",Fixed Income,Corporate Bonds,BlackRock Asset Management,PNK,OTCM,IE0032895942,False
ISSZF,iShares V Public Limited Company - iShares S&P 500 Utilities Sector UCITS ETF,USD,"The iShares S&P 500 Utilities Sector UCITS ETF, managed by iShares V Public Limited Company, aims to track the investment results of an index composed of U.S. equities in the utilities sector. This ETF provides exposure to companies involved in providing electricity, gas, and water to consumers. The fund is domiciled in Ireland.",Utilities,Value,BlackRock Asset Management,PNK,OTCM,,False
ISTXF,iShares Public Limited Company - iShares $ Treasury Bond 1-3yr UCITS ETF,USD,"The iShares $ Treasury Bond 1-3yr UCITS ETF, managed by iShares Public Limited Company, seeks to track the investment results of an index composed of short-term U.S. Treasury bonds. This ETF provides exposure to U.S. government debt with a maturity of 1 to 3 years, offering a low-risk investment option. The fund is domiciled in Ireland.",Fixed Income,Treasury Bonds,BlackRock Asset Management,PNK,OTCM,,False
ISVAF,iShares VII Public Limited Company - iShares NASDAQ 100 UCITS ETF,USD,"The iShares NASDAQ 100 UCITS ETF, managed by iShares VII Public Limited Company, aims to track the investment results of an index composed of the 100 largest non-financial companies listed on the NASDAQ stock exchange. This ETF provides exposure to leading technology and growth companies in the United States. The fund is domiciled in Ireland.",Equities,,BlackRock Asset Management,PNK,OTCM,,False
ISVUF,iShares IV Public Limited Company - iShares Edge MSCI USA Value Factor UCITS ETF,USD,iShares IV Public Limited Company - iShares Edge MSCI USA Value Factor UCITS ETF is an exchange-traded fund listed on the OTC Bulletin Board under the ticker ISVUF and traded in USD.,Equities,Factors,BlackRock Asset Management,PNK,OTCM,,False
ISXIF,iShares Asia Trust - iShares Core S&P BSE SENSEX India Index ETF,USD,iShares Asia Trust - iShares Core S&P BSE SENSEX India Index ETF is an exchange-traded fund listed on the OTC Bulletin Board under the ticker ISXIF and traded in USD.,Equities,,BlackRock Asset Management,PNK,OTCM,,False
ISXVF,ISHARES IV PLC DIGITALISATION U,USD,ISHARES IV PLC DIGITALISATION U is an exchange-traded fund listed on the OTC Bulletin Board under the ticker ISXVF and traded in USD.,,,BlackRock Asset Management,PNK,OTCM,,False
ISXXF,iShares Public Limited Company - iShares Euro Dividend UCITS ETF,USD,iShares Public Limited Company - iShares Euro Dividend UCITS ETF is an exchange-traded fund listed on the OTC Bulletin Board under the ticker ISXXF and traded in USD.,Equities,,BlackRock Asset Management,PNK,OTCM,,False
ISZXF,ISHARES VII PLC ISHARES USD TRE,USD,ISHARES VII PLC ISHARES USD TRE is an exchange-traded fund listed on the OTC Bulletin Board under the ticker ISZXF and traded in USD.,,,BlackRock Asset Management,PNK,OTCM,,False
IUAGF,ISHARES IV PLC AGEING POPULATON,USD,ISHARES IV PLC AGEING POPULATON is an exchange-traded fund listed on the OTC Bulletin Board under the ticker IUAGF and traded in USD. The fund is part of the BlackRock Asset Management range.,,,BlackRock Asset Management,PNK,OTCM,,False
IUNSF,iShares S&P/TSX Capped Energy Index ETF,USD,"The iShares S&P/TSX Capped Energy Index ETF is an exchange-traded fund designed to replicate, to the extent possible, the performance of the S&P/TSX Capped Energy Index, net of expenses. It invests primarily in Canadian energy sector companies. The ETF offers exposure to the Canadian energy market.",Energy,,BlackRock Asset Management,PNK,OTCM,,False
IUQFF,ISHARES IV PLC EDGE MSCI USA QU,USD,,Equities,,BlackRock Asset Management,PNK,OTCM,,False
IUSPF,iShares S&P/TSX Capped REIT Index ETF,USD,"The iShares S&P/TSX Capped REIT Index ETF (XRE) is a Canadian ETF that seeks to replicate the performance of the S&P/TSX Capped REIT Index. This index represents Canadian real estate investment trusts (REITs), providing investors with exposure to the Canadian real estate sector through publicly traded REITs. The ETF is managed by BlackRock Canada.",,REITs,BlackRock Asset Management,PNK,OTCM,,False
IUTCF,iShares S&P/TSX Global Gold Index ETF,USD,"The iShares S&P/TSX Global Gold Index ETF (XGD) is a Canadian ETF that seeks to replicate the performance of the S&P/TSX Global Gold Index. This index is comprised of global gold mining companies, offering investors exposure to the gold mining sector. The ETF is managed by BlackRock Canada.",Equities,Small Cap,BlackRock Asset Management,PNK,OTCM,,False
IUTSF,iShares S&P/TSX 60 Index ETF,USD,"The iShares S&P/TSX 60 Index ETF (XIU) is a Canadian ETF that aims to replicate the performance of the S&P/TSX 60 Index. This index represents the 60 largest companies listed on the Toronto Stock Exchange (TSX), providing investors with exposure to the Canadian equity market. The ETF is managed by BlackRock Canada.",Equities,Large Cap,BlackRock Asset Management,PNK,OTCM,,False
IVSPF,Ishares V Plc - Ishares S&P 500 Communication Sector Ucits Etf,USD,"Ishares V Plc - Ishares S&P 500 Communication Sector Ucits Etf is an exchange-traded fund (ETF). The ETF aims to track the performance of the S&P 500 Communication Services Sector Index, providing exposure to U.S. companies in the communication services sector. The ETF is managed by BlackRock and domiciled in Ireland.",Equities,Developed Markets,BlackRock Asset Management,PNK,OTCM,,False
IVUSF,INVESCO MARKETS PLC INVESCO FIN,USD,"INVESCO MARKETS PLC INVESCO FIN is an exchange-traded fund (ETF). The ETF aims to replicate the performance of the Financials sector of the S&P 500 Index, providing exposure to U.S. financial companies. The ETF is managed by Invesco and domiciled in Ireland.",Equities,Developed Markets,Invesco Investment Management,PNK,OTCM,,False
JIREF,JPMorgan ETFs (Ireland) ICAV - Ultra-Short Income UCITS ETF,USD,The JPMorgan ETFs (Ireland) ICAV - Ultra-Short Income UCITS ETF is an exchange-traded fund. It seeks to provide current income while maintaining principal value by investing in a diversified portfolio of ultra-short-term fixed-income securities. The fund is domiciled in Ireland.,Derivatives,Trading,JPMorgan Asset Management,PNK,OTCM,,False
JJATF,iPath Bloomberg Agriculture Subindex Total Return(SM) ETN,USD,iPath Bloomberg Agriculture Subindex Total Return ETN is an exchange-traded note providing exposure to a basket of agricultural commodities. The ETN tracks the Bloomberg Agriculture Subindex Total Return. The ETN offers investors a way to gain exposure to the agricultural commodity market.,Equities,,,PNK,OTCM,,False
JJCTF,iPath Bloomberg Copper Subindex Total Return(SM) ETN,USD,iPath Bloomberg Copper Subindex Total Return ETN is an exchange-traded note providing exposure to copper futures. The ETN tracks the Bloomberg Copper Subindex Total Return. The ETN offers investors a way to gain exposure to the copper market.,Fixed Income,,,PNK,OTCM,US06739F1012,True
JJETF,iPath Bloomberg Energy Subindex Total Return(SM) ETN,USD,iPath Bloomberg Energy Subindex Total Return ETN is an exchange-traded note providing exposure to a basket of energy commodities. The ETN tracks the Bloomberg Energy Subindex Total Return. The ETN offers investors a way to gain exposure to the energy commodity market.,,,,PNK,OTCM,,True
JJGTF,iPath Bloomberg Grains Subindex Total Return(SM) ETN,USD,"The investment seeks to provide investors with exposure to the Dow Jones-UBS Grains Subindex Total ReturnService Mark.
 The Dow Jones-UBS Grains Subindex Total ReturnService Mark (the ""index"") reflects the returns that are potentially available through an unleveraged investment in the futures contracts on grains commodities. The index is currently composed of three futures contracts on grains which are included in the Dow Jones-UBS Commodity Index Total ReturnService Mark.",Equities,,Barclays,PNK,OTCM,,False
JJMTF,iPath Bloomberg Industrial Metals Subindex Total Return(SM) ETN,USD,iPath Bloomberg Industrial Metals Subindex Total Return ETN is an exchange-traded note providing exposure to a basket of industrial metals. The ETN tracks the Bloomberg Industrial Metals Subindex Total Return. The ETN offers investors a way to gain exposure to the industrial metals market.,Equities,,,PNK,OTCM,,True
JJNTF,iPath Bloomberg Nickel Subindex Total Return(SM) ETN,USD,iPath Bloomberg Nickel Subindex Total Return ETN is an exchange-traded note providing exposure to nickel futures. The ETN tracks the Bloomberg Nickel Subindex Total Return. The ETN offers investors a way to gain exposure to the nickel market.,Equities,,,PNK,OTCM,,True
JJOFF,iPath Bloomberg Coffee Subindex Total Return(SM) ETN,USD,iPath Bloomberg Coffee Subindex Total Return ETN is an exchange-traded note providing exposure to coffee futures. The ETN tracks the Bloomberg Coffee Subindex Total Return. The ETN offers investors a way to gain exposure to the coffee market.,Equities,,,PNK,OTCM,,True
JJPFF,iPath Bloomberg Precious Metals Subindex Total Return(SM) ETN,USD,iPath Bloomberg Precious Metals Subindex Total Return ETN is an exchange-traded note providing exposure to a basket of precious metals. The ETN tracks the Bloomberg Precious Metals Subindex Total Return. The ETN offers investors a way to gain exposure to the precious metals market.,,,,PNK,OTCM,,False
JJSSF,iPath Bloomberg Softs Subindex Total Return(SM) ETN,USD,iPath Bloomberg Softs Subindex Total Return ETN is an exchange-traded note providing exposure to a basket of soft commodities. The ETN tracks the Bloomberg Softs Subindex Total Return. The ETN offers investors a way to gain exposure to the soft commodities market.,,,,PNK,OTCM,,True
JJTFF,iPath Bloomberg Tin Subindex Total Return(SM) ETN,USD,iPath Bloomberg Tin Subindex Total Return ETN is an exchange-traded note providing exposure to tin futures. The ETN tracks the Bloomberg Tin Subindex Total Return. The ETN offers investors a way to gain exposure to the tin market.,Equities,,,PNK,OTCM,,True
JJUFF,iPath Bloomberg Aluminum Subindex Total Return(SM) ETN,USD,iPath Bloomberg Aluminum Subindex Total Return ETN is an exchange-traded note providing exposure to aluminum futures. The ETN tracks the Bloomberg Aluminum Subindex Total Return. The ETN offers investors a way to gain exposure to the aluminum market.,Equities,,,PNK,OTCM,,True
JPUHF,JPMorgan ETFs (Ireland) ICAV - Ultra-Short Income UCITS ETF,USD,"JPMorgan ETFs (Ireland) ICAV - Ultra-Short Income UCITS ETF is an exchange-traded fund. The ETF seeks to provide income while maintaining a low duration, investing primarily in short-term debt securities. The ETF is domiciled in Ireland.",Derivatives,Trading,JPMorgan Asset Management,PNK,OTCM,IE00BDFC6Q91,False
KRNIF,Kraneshares Icav - Kraneshares Msci China A Share Ucits Etf,USD,"Kraneshares Icav - Kraneshares Msci China A Share Ucits Etf is an exchange-traded fund (ETF) that tracks the performance of the MSCI China A Share Index. The ETF provides investors with access to China's mainland stock market, specifically the A-shares listed on the Shanghai and Shenzhen stock exchanges. The fund is managed by Krane Funds Advisors, LLC.",Equities,,KraneShares,PNK,OTCM,,False
LGLBF,Gold Bullion Securities Limited - Gold Bullion Securities,USD,"Gold Bullion Securities is an exchange traded commodity, designed to track the spot price of gold. The security offers investors a simple and cost-efficient way to access the gold market without taking physical delivery of gold. It is structured as a debt security and is backed by physical gold held in allocated storage.",Equities,,Gold Bullion Securities,PNK,OTCM,,False
MRJOF,Purpose Marijuana Opportunities Fund,USD,,,,Purpose Investments,PNK,OTCM,,False
NTETF,Nikkei 225 Exchange Traded Fund,USD,,Equities,,,PNK,OTCM,,False
NXTUF,First Trust Global Funds Public Limited Company - First Trust Japan AlphaDEX UCITS ETF,USD,"First Trust Global Funds Public Limited Company - First Trust Japan AlphaDEX UCITS ETF is an exchange-traded fund (ETF) that tracks an index of Japanese equities selected by the AlphaDEX methodology. This methodology aims to identify stocks with superior risk-adjusted returns based on factors such as growth, value, and momentum. The ETF provides exposure to the Japanese stock market through a smart beta approach.",Financials,,First Trust Advisors,PNK,OTCM,,False
OILNF,iPath S&P GSCI Crude Oil Total Return Index ETN,USD,iPath S&P GSCI Crude Oil Total Return Index ETN (OILNF) provides exposure to the S&P GSCI Crude Oil Total Return Index. This index reflects the returns of a single crude oil commodity futures contract. The ETN aims to track the performance of crude oil as an asset class.,Equities,,,PNK,OTCM,,False
OLOXF,DB Crude Oil Long ETN,USD,,,,,PNK,OTCM,,False
PGDDF,iPath Asian & Gulf Currency Revaluation ETN,USD,The iPath Asian & Gulf Currency Revaluation ETN was an exchange-traded note linked to the performance of a basket of Asian and Gulf currencies. The ETN aimed to provide investors with exposure to potential currency revaluations in those regions. This ETN has been delisted.,Equities,,,PNK,OTCM,,False
PGMFF,iPath Bloomberg Platinum Subindex Total Return(SM) ETN,USD,The iPath Bloomberg Platinum Subindex Total Return ETN was an exchange-traded note designed to track the performance of a subindex representing platinum futures contracts. It provided investors with exposure to the platinum market through a debt instrument. This ETN has been delisted.,,,,PNK,OTCM,,True
PLTI,REX PLTR Growth & Income ETF,USD,"Platcom, Inc. focuses on originating, funding, and insurance for asset-based transactions in the private market. It provides asset based funding against marketable income producing and insurable assets to small and medium sized businesses. The company was formerly known as Sequoia Asset Management Group, Inc. and changed its name to Platcom, Inc. in November 2007. The company is based in St Petersburg, Florida.",Equities,Growth,REX Shares,PNK,OTCM,,True
PMMDF,PIMCO Fixed Income Source ETFs plc - PIMCO US Dollar Short Maturity Source UCITS ETF,USD,"PIMCO Fixed Income Source ETFs plc - PIMCO US Dollar Short Maturity Source UCITS ETF seeks to provide exposure to short-term US dollar-denominated fixed income securities. The fund is managed by PIMCO, a global investment management firm. The ETF is domiciled in Ireland.",Fixed Income,Corporate Bonds,PIMCO Global Advisors,PNK,OTCM,,False
PWQQF,PowerShares Global Funds Ireland Public Limited Company - PowerShares EQQQ Nasdaq-100 UCITS ETF,USD,"PowerShares Global Funds Ireland Public Limited Company - PowerShares EQQQ Nasdaq-100 UCITS ETF is an exchange-traded fund (ETF) domiciled in Ireland. It aims to track the performance of the Nasdaq-100 Index, which includes 100 of the largest non-financial companies listed on the NASDAQ stock market. The ETF provides investors with exposure to leading technology and growth companies.",Equities,,Invesco Investment Management,PNK,OTCM,,False
RBGBF,LEGAL & GENERAL UCITS ETF PLC,USD,,,,,PNK,OTCM,,False
RUDQF,RBC QUANT U S DIVID LEADERS ETF,USD,,,,RBC Global Asset Management,PNK,OTCM,,False
SECTF,SSGA SPDR ETFS EUROPE II PLC S&,USD,SSGA SPDR ETFS EUROPE II PLC S& is an exchange-traded fund listed on the OTC Bulletin Board under the ticker SECTF and traded in USD.,,,State Street Global Advisors,PNK,OTCM,,False
SGACF,SSgA SPDR ETFs Europe I Public Limited Company - SPDR MSCI ACWI IMI UCITS ETF,USD,"SSgA SPDR ETFs Europe I Public Limited Company - SPDR MSCI ACWI IMI UCITS ETF is an exchange-traded fund (ETF) managed by State Street Global Advisors (SSGA). The fund aims to track the performance of the MSCI ACWI IMI (All Country World Index Investable Market Index), which represents large, mid and small-cap equity performance across developed and emerging markets. The ETF provides broad global equity exposure in a single investment vehicle and is compliant with UCITS regulations.",Equities,,State Street Global Advisors,PNK,OTCM,,False
SGGFF,iPath Bloomberg Sugar Subindex Total Return(SM) ETN,USD,The iPath Bloomberg Sugar Subindex Total Return ETN is an exchange-traded note providing exposure to the Bloomberg Sugar Subindex Total Return. The ETN tracks the performance of a single commodity (sugar) futures contract. The ETN is based in the USA.,Equities,,,PNK,OTCM,,True
SMWFF,SSGA SPDR ETFS EUROPE II PLC,USD,,,,State Street Global Advisors,PNK,OTCM,,False
SPWUF,SSGA SPDR ETFS EUROPE II PLC MS,USD,,,,State Street Global Advisors,PNK,OTCM,,False
SSEHF,SSGA SPDR ETFS EUROPE II PLC SP,USD,SSGA SPDR ETFS EUROPE II PLC SP is an exchange-traded fund listed on the OTC Bulletin Board under the ticker SSEHF and traded in USD.,,,State Street Global Advisors,PNK,OTCM,,False
SSEUF,SSGA SPDR ETFS EUROPE II PLC RU,USD,SSGA SPDR ETFS EUROPE II PLC RU is an exchange-traded fund listed on the OTC Bulletin Board under the ticker SSEUF and traded in USD.,,,State Street Global Advisors,PNK,OTCM,,False
SSEXF,SSGA SPDR ETFS EUROPE II PLC,USD,,,,State Street Global Advisors,PNK,OTCM,,False
SSGAF,SSGA SPDR ETFS EUROPE I PLC SPD,USD,SSGA SPDR ETFS EUROPE I PLC SPD is an exchange-traded fund listed on the OTC Bulletin Board under the ticker SSGAF and traded in USD.,,,State Street Global Advisors,PNK,OTCM,,False
SSGMF,SSGA SPDR ETFS EUROPE II PLC,USD,,,,State Street Global Advisors,PNK,OTCM,,False
SSGWF,SSGA SPDR ETFS EUROPE II PLC MS,USD,SSGA SPDR ETFS EUROPE II PLC MS is an exchange-traded fund listed on the OTC Bulletin Board under the ticker SSGWF and traded in USD.,,,State Street Global Advisors,PNK,OTCM,,False
SSSEF,SSgA SPDR ETFs Europe II Public Limited Company - SPDR S&P U.S. Financials Select Sector UCITS ETF,USD,SSgA SPDR ETFs Europe II Public Limited Company - SPDR S&P U.S. Financials Select Sector UCITS ETF is an exchange-traded fund (ETF) designed to track the performance of the S&P U.S. Select Sector Financials Index. The fund provides exposure to companies in the U.S. financials sector and is domiciled in Europe as a UCITS fund. It offers investors a way to gain targeted exposure to U.S. financial companies.,Financials,,State Street Global Advisors,PNK,OTCM,,False
SSSPF,SSGA SPDR ETFS EUROPE I PLC SPD,USD,SSGA SPDR ETFS EUROPE I PLC SPD is an exchange-traded fund listed on the OTC Bulletin Board under the ticker SSSPF and traded in USD.,,,State Street Global Advisors,PNK,OTCM,,False
SUSTF,SSgA SPDR ETFs Europe II Public Limited Company - SPDR S&P U.S. Technology Select Sector UCITS ETF,USD,"The SSgA SPDR ETFs Europe II Public Limited Company - SPDR S&P U.S. Technology Select Sector UCITS ETF seeks to provide investment results that correspond generally to the price and yield performance of the S&P Technology Select Sector Index. The ETF offers exposure to U.S. technology companies within the S&P 500, providing a focused investment in the technology sector. The fund is domiciled in Ireland.",Information Technology,,State Street Global Advisors,PNK,OTCM,,False
SWOOF,SSGA SPDR ETFS EUROPE II PLC MS,USD,SSGA SPDR ETFS EUROPE II PLC MS is an exchange-traded fund listed on the OTC Bulletin Board under the ticker SWOOF and traded in USD.,,,State Street Global Advisors,PNK,OTCM,,False
SXERF,BLACKROCK AST MGT (DEUTSCHLAND),USD,BLACKROCK AST MGT (DEUTSCHLAND) is an exchange-traded fund listed on the OTC Bulletin Board under the ticker SXERF and traded in USD. The fund is part of the BlackRock Asset Management range.,,,BlackRock Asset Management,PNK,OTCM,,False
SXLBF,SSgA SPDR ETFs Europe II Public Limited Company - SPDR S&P U.S. Materials Select Sector UCITS ETF,USD,,,,State Street Global Advisors,PNK,OTCM,,False
SZOXF,DB Crude Oil Short ETN,USD,DB Crude Oil Short ETN provides investors with short exposure to crude oil futures. It allows investors to potentially profit from declines in the price of crude oil. The ETN is issued by Deutsche Bank.,Derivatives,Trading,,PNK,OTCM,US25154K8743,False
THRGF,SSgA SPDR ETFs Europe II plc - SPDR Thomson Reuters Global Convertible Bond UCITS ETF,USD,"SSgA SPDR ETFs Europe II plc - SPDR Thomson Reuters Global Convertible Bond UCITS ETF seeks to track the performance of the Thomson Reuters Global Convertible Bond Index. The fund invests in a diversified portfolio of convertible bonds issued by companies worldwide. State Street Global Advisors is headquartered in Boston, Massachusetts.",Fixed Income,Corporate Bonds,State Street Global Advisors,PNK,OTCM,,False
TIPUF,MULTI UNITS LUXEMBOURG LYXOR CO,USD,,,,,PNK,OTCM,,False
TVIXF,VelocityShares Daily 2x VIX Short-Term ETN,USD,"The investment seeks to replicate, net of expenses, the returns of twice (2x) the daily performance of the S&P 500 VIX Short-Term Futures index.
 The index was designed to provide investors with exposure to one or more maturities of futures contracts on the VIX, which reflects implied volatility of the S&P 500 Index at various points along the volatility forward curve. The ETNs are linked to a multiple (2x) of the daily return of the index and do not represent an investment in the VIX.",Derivatives,Trading,Credit Suisse Asset Management,PNK,OTCM,,False
UBCHF,UBS FUND MANAGEMENT(SWITZERLAND,USD,,,,UBS Asset Management,PNK,OTCM,,False
UGAZF,VelocityShares 3x Long Natural Gas ETN Linked to the S&P GSCI Natural Gas Index ER,USD,"The investment seeks to replicate, net of expenses, three times the performance of the S&P GSCI Natural Gas Index ER.
 The index comprises futures contracts on a single commodity and is calculated according to the methodology of the S&P GSCI Index.",Derivatives,Trading,Direxion Funds,PNK,OTCM,,False
UGLDF,VelocityShares 3x Long Gold ETN Linked to the S&P GSCI Gold Index ER,USD,"The investment seeks to replicate, net of expenses, three times the S&P GSCI Gold index ER.
 The index comprises futures contracts on a single commodity. The fluctuations in the values of it are intended generally to correlate with changes in the price of gold in global markets.",Derivatives,Trading,Credit Suisse Asset Management,PNK,OTCM,,False
USLVF,VelocityShares 3x Long Silver ETN Linked to the S&P GSCI Silver Index ER,USD,"The investment seeks to replicate, net of expenses, three times the S&P GSCI Silver index ER.
 The index comprises futures contracts on a single commodity. The fluctuations in the values of it are intended generally to correlate with changes in the price of silver in global markets.",Derivatives,Trading,VelocityShares,PNK,OTCM,,False
VANVF,Vaneck Vectors UCITS ETFs plc - Vaneck Vectors J.P. Morgan EM Local Currency Bond UCITS ETF,USD,"The VanEck Vectors J.P. Morgan EM Local Currency Bond UCITS ETF tracks the performance of an index composed of emerging market government bonds issued in their local currencies. This provides investors exposure to emerging market debt without the direct impact of currency fluctuations relative to the US dollar, since currency fluctuations affect both the bond value and the currency in which it is issued. Vaneck Vectors UCITS ETFs plc manages the ETF, aiming to offer a diversified portfolio of emerging market local currency bonds.",Fixed Income,Emerging Markets,VanEck Asset Management,PNK,OTCM,,False
VCRPF,Vanguard Funds Public Limited Company - Vanguard USD Corporate Bond UCITS ETF,USD,"The Vanguard USD Corporate Bond UCITS ETF seeks to track the performance of a USD-denominated corporate bond index. The fund invests in investment-grade corporate bonds, providing investors with exposure to the US corporate debt market. Vanguard Funds Public Limited Company manages the ETF aiming to provide a low-cost and diversified way to access this market segment.",Fixed Income,Corporate Bonds,Vanguard Asset Management,PNK,OTCM,,False
VGFUF,Vanguard Funds Public Limited Company - Vanguard USD Emerging Markets Government Bond UCITS ETF,USD,"This is the Vanguard USD Emerging Markets Government Bond UCITS ETF, which invests in USD-denominated government bonds from emerging markets. Vanguard Funds Public Limited Company is the issuer, offering various investment funds. The goal of the ETF is to provide investors with income and capital appreciation by tracking the performance of the Bloomberg Barclays USD Emerging Markets Government RIC Capped Index.",Fixed Income,Emerging Markets,Vanguard Asset Management,PNK,OTCM,,False
VIIXF,VelocityShares VIX Short-Term ETN,USD,"The investment seeks to replicate, net of expenses, the return of the daily performance of the S&P 500 VIX Short-Term Futures index.
 The index was designed to provide investors with exposure to one or more maturities of futures contracts on the VIX, which reflects implied volatility of the S&P 500 Index at various points along the volatility forward curve. The calculation of the VIX is based on prices of put and call options on the S&P 500 Index. The ETNs are linked to the daily return of the index and do not represent an investment in the VIX.",Equities,,Credit Suisse Asset Management,PNK,OTCM,,False
VNGBF,Vanguard Funds Public Limited Company - Vanguard USD Corporate 1-3 Year Bond UCITS ETF,USD,"Vanguard USD Corporate 1-3 Year Bond UCITS ETF seeks to track the performance of a market-weighted index of USD-denominated, investment-grade corporate bonds with maturities between 1 and 3 years. The fund is designed to provide investors with exposure to the short-term corporate bond market. Vanguard, the issuer, is headquartered in Malvern, Pennsylvania.",Fixed Income,Corporate Bonds,Vanguard Asset Management,PNK,OTCM,,False
VNGDF,Vanguard Funds Public Limited Company - Vanguard S&P 500 UCITS ETF,USD,"Vanguard S&P 500 UCITS ETF is designed to track the performance of the S&P 500 Index, providing investors with exposure to the largest 500 publicly traded companies in the United States. The fund employs a replication strategy, holding all or substantially all of the index constituents. Vanguard, the issuer, is headquartered in Malvern, Pennsylvania.",Equities,Large Cap,Vanguard Asset Management,PNK,OTCM,IE00B3XXRP09,False
VNGLF,Vanguard Funds Public Limited Company - Vanguard FTSE Developed Europe UCITS ETF,USD,"Vanguard FTSE Developed Europe UCITS ETF seeks to track the performance of the FTSE Developed Europe Index, providing investors with exposure to equities from developed European countries. The fund uses a replication strategy, holding all or substantially all of the index constituents. Vanguard, the issuer, is headquartered in Malvern, Pennsylvania.",Equities,,Vanguard Asset Management,PNK,OTCM,,False
VPLCF,Vanguard Funds Public Limited Company - Vanguard USD Treasury Bond UCITS ETF,USD,"Vanguard USD Treasury Bond UCITS ETF seeks to track the performance of a market-weighted index of USD-denominated U.S. Treasury bonds. The fund provides investors with exposure to the U.S. government bond market. Vanguard, the issuer, is headquartered in Malvern, Pennsylvania.",Fixed Income,Treasury Bonds,Vanguard Asset Management,PNK,OTCM,,False
VRGFF,Vanguard Funds Public Limited Company - Vanguard USD Treasury Bond UCITS ETF,USD,"Vanguard USD Treasury Bond UCITS ETF seeks to track the performance of a market-weighted index of USD-denominated U.S. Treasury bonds. The fund provides investors with exposure to the U.S. government bond market. Vanguard, the issuer, is headquartered in Malvern, Pennsylvania.",Fixed Income,Treasury Bonds,Vanguard Asset Management,PNK,OTCM,,False
WEEUF,WisdomTree Issuer ICAV - WisdomTree Europe Equity UCITS ETF,USD,"The WisdomTree Europe Equity UCITS ETF, managed by WisdomTree Issuer ICAV, aims to track the performance of dividend-paying companies in Europe, weighted by their dividend stream. It provides exposure to European equities, focusing on companies that distribute dividends to shareholders. The ETF is domiciled in Ireland.",Equities,,WisdomTree Asset Management,PNK,OTCM,,False
WSDDF,WisdomTree Issuer ICAV - WisdomTree US Quality Dividend Growth UCITS ETF,USD,"The WisdomTree US Quality Dividend Growth UCITS ETF, managed by WisdomTree Issuer ICAV, aims to track the performance of dividend-paying companies in the US, weighted by their dividend stream, while also incorporating quality factors such as profitability and earnings growth. It provides exposure to US equities, focusing on companies with sustainable dividend policies and strong financial fundamentals. The ETF is domiciled in Ireland.",Equities,Factors,WisdomTree Asset Management,PNK,OTCM,,False
WTAIF,WISDOMTREE ISSUER ICAV WISDOMTR,USD,WISDOMTREE ISSUER ICAV WISDOMTR is an exchange-traded fund (ETF) managed by WisdomTree Issuer ICAV. Specific details regarding the fund's investment strategy or sector focus are unavailable.,,,WisdomTree Asset Management,PNK,OTCM,,False
WTIPF,WisdomTree Issuer ICAV - WisdomTree US Equity Income UCITS ETF,USD,WisdomTree Issuer ICAV - WisdomTree US Equity Income UCITS ETF,Equities,,WisdomTree Asset Management,PNK,OTCM,,False
XSPUF,XTRACKERS XTRACKERS S&P 500 SWA,USD,,Equities,,,PNK,OTCM,,False
XTRKF,XTRACKERS (IE) PLC RUSSELL 2000,USD,"The Xtrackers (IE) Plc Russell 2000 UCITS ETF aims to replicate the performance of the Russell 2000 Index, which comprises small-capitalization U.S. equities. It provides investors with exposure to a broad range of smaller companies in the United States. The ETF is managed by DWS Investment S.A. and is domiciled in Ireland.",Equities,Small Cap,Deutsche Bank Asset Management,PNK,OTCM,,False
XTRSF,Xtrackers II - US Treasuries 1-3 UCITS ETF,USD,The Xtrackers II - US Treasuries 1-3 UCITS ETF seeks to track the performance of an index composed of short-term U.S. Treasury bonds. The ETF invests in U.S. government bonds with maturities between 1 and 3 years. The ETF is managed by DWS Investment S.A. and is domiciled in Ireland.,Fixed Income,Treasury Bonds,Deutsche Bank Asset Management,PNK,OTCM,,False
XTRXF,Xtrackers II - Global Government Bond UCITS ETF,USD,The Xtrackers II - Global Government Bond UCITS ETF seeks to track the performance of an index composed of government bonds from around the world. This ETF provides investors with exposure to a diversified portfolio of sovereign debt. The ETF is managed by DWS Investment S.A. and is domiciled in Ireland.,Fixed Income,Government Bonds,Deutsche Bank Asset Management,PNK,OTCM,,False
ZIVZF,VelocityShares Daily Inverse VIX Medium-Term ETN,USD,"The investment seeks to replicate, net of expenses, the inverse of the daily performance of the S&P 500 VIX Mid-Term Futures index.
 The index was designed to provide investors with exposure to one or more maturities of futures contracts on the VIX, which reflects implied volatility of the S&P 500 Index at various points along the volatility forward curve. The calculation of the VIX is based on prices of put and call options on the S&P 500 Index. The ETNs are linked to the daily inverse return of the index and do not represent an investment in the inverse of the VIX.",Derivatives,Trading,Credit Suisse Asset Management,PNK,OTCM,US22542D8294,False
ZKBGF,ZKB Gold ETF,USD,The ZKB Gold ETF is an exchange-traded fund domiciled in Switzerland that provides investors with exposure to physical gold bullion. The ETF aims to replicate the performance of the gold price by holding physical gold bars in secured vaults. It offers a simple and cost-effective way for investors to participate in the gold market without the complexities of owning and storing physical gold.,Commodities,,Swisscanto Fondsleitung AG,PNK,OTCM,,False
ZPRVF,SSGA SPDR ETFS EUROPE II PLC,USD,,,,State Street Global Advisors,PNK,OTCM,,False
